Copyright 1986-2022 Xilinx, Inc. All Rights Reserved. Copyright 2022-2023 Advanced Micro Devices, Inc. All Rights Reserved.
------------------------------------------------------------------------------------------------------------------------------------------------------------------------------------------------------
| Tool Version : Vivado v.2023.2 (lin64) Build 4029153 Fri Oct 13 20:13:54 MDT 2023
| Date         : Wed Apr  1 06:57:22 2026
| Host         : sam-VivoBook-ASUSLaptop-X513UA-M513UA running 64-bit Ubuntu 24.04.4 LTS
| Command      : report_timing_summary -max_paths 10 -report_unconstrained -file top_timing_summary_routed.rpt -pb top_timing_summary_routed.pb -rpx top_timing_summary_routed.rpx -warn_on_violation
| Design       : top
| Device       : 7a35t-cpg236
| Speed File   : -1  PRODUCTION 1.23 2018-06-13
| Design State : Routed
------------------------------------------------------------------------------------------------------------------------------------------------------------------------------------------------------

Timing Summary Report

------------------------------------------------------------------------------------------------
| Timer Settings
| --------------
------------------------------------------------------------------------------------------------

  Enable Multi Corner Analysis               :  Yes
  Enable Pessimism Removal                   :  Yes
  Pessimism Removal Resolution               :  Nearest Common Node
  Enable Input Delay Default Clock           :  No
  Enable Preset / Clear Arcs                 :  No
  Disable Flight Delays                      :  No
  Ignore I/O Paths                           :  No
  Timing Early Launch at Borrowing Latches   :  No
  Borrow Time for Max Delay Exceptions       :  Yes
  Merge Timing Exceptions                    :  Yes
  Inter-SLR Compensation                     :  Conservative

  Corner  Analyze    Analyze    
  Name    Max Paths  Min Paths  
  ------  ---------  ---------  
  Slow    Yes        Yes        
  Fast    Yes        Yes        


------------------------------------------------------------------------------------------------
| Report Methodology
| ------------------
------------------------------------------------------------------------------------------------

Rule       Severity          Description                     Violations  
---------  ----------------  ------------------------------  ----------  
TIMING-17  Critical Warning  Non-clocked sequential cell     20          
LUTAR-1    Warning           LUT drives async reset alert    1           
TIMING-18  Warning           Missing input or output delay   47          
TIMING-20  Warning           Non-clocked latch               2           
LATCH-1    Advisory          Existing latches in the design  1           

Note: This report is based on the most recent report_methodology run and may not be up-to-date. Run report_methodology on the current design for the latest report.



check_timing report

Table of Contents
-----------------
1. checking no_clock (26)
2. checking constant_clock (0)
3. checking pulse_width_clock (0)
4. checking unconstrained_internal_endpoints (32)
5. checking no_input_delay (7)
6. checking no_output_delay (32)
7. checking multiple_clock (0)
8. checking generated_clocks (0)
9. checking loops (0)
10. checking partial_input_delay (0)
11. checking partial_output_delay (0)
12. checking latch_loops (0)

1. checking no_clock (26)
-------------------------
 There are 2 register/latch pins with no clock driven by root clock pin: FSM_INST/FSM_onehot_current_state_reg[0]/Q (HIGH)

 There are 2 register/latch pins with no clock driven by root clock pin: FSM_INST/FSM_onehot_current_state_reg[1]/Q (HIGH)

 There are 2 register/latch pins with no clock driven by root clock pin: FSM_INST/FSM_onehot_current_state_reg[2]/Q (HIGH)

 There are 20 register/latch pins with no clock driven by root clock pin: clk_25_reg/Q (HIGH)


2. checking constant_clock (0)
------------------------------
 There are 0 register/latch pins with constant_clock.


3. checking pulse_width_clock (0)
---------------------------------
 There are 0 register/latch pins which need pulse_width check


4. checking unconstrained_internal_endpoints (32)
-------------------------------------------------
 There are 32 pins that are not constrained for maximum delay. (HIGH)

 There are 0 pins that are not constrained for maximum delay due to constant clock.


5. checking no_input_delay (7)
------------------------------
 There are 7 input ports with no input delay specified. (HIGH)

 There are 0 input ports with no input delay but user has a false path constraint.


6. checking no_output_delay (32)
--------------------------------
 There are 32 ports with no output delay specified. (HIGH)

 There are 0 ports with no output delay but user has a false path constraint

 There are 0 ports with no output delay but with a timing clock defined on it or propagating through it


7. checking multiple_clock (0)
------------------------------
 There are 0 register/latch pins with multiple clocks.


8. checking generated_clocks (0)
--------------------------------
 There are 0 generated clocks that are not connected to a clock source.


9. checking loops (0)
---------------------
 There are 0 combinational loops in the design.


10. checking partial_input_delay (0)
------------------------------------
 There are 0 input ports with partial input delay specified.


11. checking partial_output_delay (0)
-------------------------------------
 There are 0 ports with partial output delay specified.


12. checking latch_loops (0)
----------------------------
 There are 0 combinational latch loops in the design through latch input



------------------------------------------------------------------------------------------------
| Design Timing Summary
| ---------------------
------------------------------------------------------------------------------------------------

    WNS(ns)      TNS(ns)  TNS Failing Endpoints  TNS Total Endpoints      WHS(ns)      THS(ns)  THS Failing Endpoints  THS Total Endpoints     WPWS(ns)     TPWS(ns)  TPWS Failing Endpoints  TPWS Total Endpoints  
    -------      -------  ---------------------  -------------------      -------      -------  ---------------------  -------------------     --------     --------  ----------------------  --------------------  
     -0.696       -6.775                     21                 1034        0.102        0.000                      0                 1034        4.500        0.000                       0                   506  


Timing constraints are not met.


------------------------------------------------------------------------------------------------
| Clock Summary
| -------------
------------------------------------------------------------------------------------------------

Clock        Waveform(ns)       Period(ns)      Frequency(MHz)
-----        ------------       ----------      --------------
sys_clk_pin  {0.000 5.000}      10.000          100.000         


------------------------------------------------------------------------------------------------
| Intra Clock Table
| -----------------
------------------------------------------------------------------------------------------------

Clock             WNS(ns)      TNS(ns)  TNS Failing Endpoints  TNS Total Endpoints      WHS(ns)      THS(ns)  THS Failing Endpoints  THS Total Endpoints     WPWS(ns)     TPWS(ns)  TPWS Failing Endpoints  TPWS Total Endpoints  
-----             -------      -------  ---------------------  -------------------      -------      -------  ---------------------  -------------------     --------     --------  ----------------------  --------------------  
sys_clk_pin        -0.696       -6.775                     21                 1034        0.102        0.000                      0                 1034        4.500        0.000                       0                   506  


------------------------------------------------------------------------------------------------
| Inter Clock Table
| -----------------
------------------------------------------------------------------------------------------------

From Clock    To Clock          WNS(ns)      TNS(ns)  TNS Failing Endpoints  TNS Total Endpoints      WHS(ns)      THS(ns)  THS Failing Endpoints  THS Total Endpoints  
----------    --------          -------      -------  ---------------------  -------------------      -------      -------  ---------------------  -------------------  


------------------------------------------------------------------------------------------------
| Other Path Groups Table
| -----------------------
------------------------------------------------------------------------------------------------

Path Group    From Clock    To Clock          WNS(ns)      TNS(ns)  TNS Failing Endpoints  TNS Total Endpoints      WHS(ns)      THS(ns)  THS Failing Endpoints  THS Total Endpoints  
----------    ----------    --------          -------      -------  ---------------------  -------------------      -------      -------  ---------------------  -------------------  


------------------------------------------------------------------------------------------------
| User Ignored Path Table
| -----------------------
------------------------------------------------------------------------------------------------

Path Group    From Clock    To Clock    
----------    ----------    --------    


------------------------------------------------------------------------------------------------
| Unconstrained Path Table
| ------------------------
------------------------------------------------------------------------------------------------

Path Group    From Clock    To Clock    
----------    ----------    --------    
(none)                                    
(none)        sys_clk_pin                 
(none)                      sys_clk_pin   


------------------------------------------------------------------------------------------------
| Timing Details
| --------------
------------------------------------------------------------------------------------------------


---------------------------------------------------------------------------------------------------
From Clock:  sys_clk_pin
  To Clock:  sys_clk_pin

Setup :           21  Failing Endpoints,  Worst Slack       -0.696ns,  Total Violation       -6.775ns
Hold  :            0  Failing Endpoints,  Worst Slack        0.102ns,  Total Violation        0.000ns
PW    :            0  Failing Endpoints,  Worst Slack        4.500ns,  Total Violation        0.000ns
---------------------------------------------------------------------------------------------------


Max Delay Paths
--------------------------------------------------------------------------------------
Slack (VIOLATED) :        -0.696ns  (required time - arrival time)
  Source:                 LANES_INST/L2/y_arr_reg[1][2]/C
                            (rising edge-triggered cell FDCE clocked by sys_clk_pin  {rise@0.000ns fall@5.000ns period=10.000ns})
  Destination:            JUDGES_INST/J2/score_good_reg/D
                            (rising edge-triggered cell FDCE clocked by sys_clk_pin  {rise@0.000ns fall@5.000ns period=10.000ns})
  Path Group:             sys_clk_pin
  Path Type:              Setup (Max at Slow Process Corner)
  Requirement:            10.000ns  (sys_clk_pin rise@10.000ns - sys_clk_pin rise@0.000ns)
  Data Path Delay:        10.563ns  (logic 4.334ns (41.028%)  route 6.229ns (58.972%))
  Logic Levels:           14  (CARRY4=5 LUT2=1 LUT4=2 LUT5=2 LUT6=4)
  Clock Path Skew:        -0.129ns (DCD - SCD + CPR)
    Destination Clock Delay (DCD):    4.849ns = ( 14.849 - 10.000 ) 
    Source Clock Delay      (SCD):    5.157ns
    Clock Pessimism Removal (CPR):    0.180ns
  Clock Uncertainty:      0.035ns  ((TSJ^2 + TIJ^2)^1/2 + DJ) / 2 + PE
    Total System Jitter     (TSJ):    0.071ns
    Total Input Jitter      (TIJ):    0.000ns
    Discrete Jitter          (DJ):    0.000ns
    Phase Error              (PE):    0.000ns

    Location             Delay type                Incr(ns)  Path(ns)    Netlist Resource(s)
  -------------------------------------------------------------------    -------------------
                         (clock sys_clk_pin rise edge)
                                                      0.000     0.000 r  
    W5                                                0.000     0.000 r  clk (IN)
                         net (fo=0)                   0.000     0.000    clk
    W5                   IBUF (Prop_ibuf_I_O)         1.458     1.458 r  clk_IBUF_inst/O
                         net (fo=1, routed)           1.967     3.425    clk_IBUF
    BUFGCTRL_X0Y0        BUFG (Prop_bufg_I_O)         0.096     3.521 r  clk_IBUF_BUFG_inst/O
                         net (fo=505, routed)         1.636     5.157    LANES_INST/L2/clk_IBUF_BUFG
    SLICE_X5Y48          FDCE                                         r  LANES_INST/L2/y_arr_reg[1][2]/C
  -------------------------------------------------------------------    -------------------
    SLICE_X5Y48          FDCE (Prop_fdce_C_Q)         0.419     5.576 r  LANES_INST/L2/y_arr_reg[1][2]/Q
                         net (fo=21, routed)          0.883     6.459    LANES_INST/L2/y_arr_reg[1][9]_0[2]
    SLICE_X3Y48          LUT5 (Prop_lut5_I4_O)        0.296     6.755 r  LANES_INST/L2/max_y2_carry_i_7__5/O
                         net (fo=1, routed)           0.000     6.755    JUDGES_INST/J2/max_y2_carry__0_1[1]
    SLICE_X3Y48          CARRY4 (Prop_carry4_S[1]_CO[3])
                                                      0.550     7.305 r  JUDGES_INST/J2/max_y2_carry/CO[3]
                         net (fo=1, routed)           0.000     7.305    JUDGES_INST/J2/max_y2_carry_n_0
    SLICE_X3Y49          CARRY4 (Prop_carry4_CI_CO[0])
                                                      0.271     7.576 r  JUDGES_INST/J2/max_y2_carry__0/CO[0]
                         net (fo=13, routed)          0.680     8.256    LANES_INST/L2/clear_lowest_reg[0]
    SLICE_X4Y51          LUT5 (Prop_lut5_I1_O)        0.373     8.629 r  LANES_INST/L2/max_y2__4_carry__0_i_3__1/O
                         net (fo=3, routed)           0.561     9.190    LANES_INST/L2/max_y2__4_carry__0_i_3__1_n_0
    SLICE_X4Y51          LUT6 (Prop_lut6_I5_O)        0.124     9.314 r  LANES_INST/L2/max_y2__4_carry__0_i_1__1/O
                         net (fo=1, routed)           0.338     9.652    JUDGES_INST/J2/clear_lowest_i_4__1[0]
    SLICE_X2Y51          CARRY4 (Prop_carry4_DI[0]_CO[0])
                                                      0.393    10.045 r  JUDGES_INST/J2/max_y2__4_carry__0/CO[0]
                         net (fo=1, routed)           0.415    10.459    LANES_INST/L2/clear_lowest_reg_1[0]
    SLICE_X5Y51          LUT2 (Prop_lut2_I0_O)        0.367    10.826 r  LANES_INST/L2/clear_lowest_i_4__1/O
                         net (fo=17, routed)          0.544    11.371    LANES_INST/L2/clear_lowest_i_4__1_n_0
    SLICE_X0Y52          LUT6 (Prop_lut6_I1_O)        0.124    11.495 r  LANES_INST/L2/idx2_carry_i_9__1/O
                         net (fo=3, routed)           0.577    12.071    LANES_INST/L2/idx2_carry_i_9__1_n_0
    SLICE_X3Y52          LUT4 (Prop_lut4_I0_O)        0.124    12.195 r  LANES_INST/L2/idx2_carry_i_5__1/O
                         net (fo=1, routed)           0.000    12.195    JUDGES_INST/J2/idx2_carry__0_1[3]
    SLICE_X3Y52          CARRY4 (Prop_carry4_S[3]_CO[3])
                                                      0.401    12.596 r  JUDGES_INST/J2/idx2_carry/CO[3]
                         net (fo=1, routed)           0.000    12.596    JUDGES_INST/J2/idx2_carry_n_0
    SLICE_X3Y53          CARRY4 (Prop_carry4_CI_CO[0])
                                                      0.271    12.867 r  JUDGES_INST/J2/idx2_carry__0/CO[0]
                         net (fo=14, routed)          0.683    13.550    LANES_INST/L2/clear_lowest_reg_0[0]
    SLICE_X0Y52          LUT4 (Prop_lut4_I1_O)        0.373    13.923 f  LANES_INST/L2/score_perfect_i_9__1/O
                         net (fo=1, routed)           0.963    14.887    LANES_INST/L2/score_perfect_i_9__1_n_0
    SLICE_X4Y53          LUT6 (Prop_lut6_I4_O)        0.124    15.011 f  LANES_INST/L2/score_perfect_i_2__1/O
                         net (fo=2, routed)           0.586    15.597    LANES_INST/L2/score_perfect_i_2__1_n_0
    SLICE_X4Y52          LUT6 (Prop_lut6_I3_O)        0.124    15.721 r  LANES_INST/L2/score_good_i_1__1/O
                         net (fo=1, routed)           0.000    15.721    JUDGES_INST/J2/score_good0_out_3
    SLICE_X4Y52          FDCE                                         r  JUDGES_INST/J2/score_good_reg/D
  -------------------------------------------------------------------    -------------------

                         (clock sys_clk_pin rise edge)
                                                     10.000    10.000 r  
    W5                                                0.000    10.000 r  clk (IN)
                         net (fo=0)                   0.000    10.000    clk
    W5                   IBUF (Prop_ibuf_I_O)         1.388    11.388 r  clk_IBUF_inst/O
                         net (fo=1, routed)           1.862    13.250    clk_IBUF
    BUFGCTRL_X0Y0        BUFG (Prop_bufg_I_O)         0.091    13.341 r  clk_IBUF_BUFG_inst/O
                         net (fo=505, routed)         1.508    14.849    JUDGES_INST/J2/clk_IBUF_BUFG
    SLICE_X4Y52          FDCE                                         r  JUDGES_INST/J2/score_good_reg/C
                         clock pessimism              0.180    15.029    
                         clock uncertainty           -0.035    14.993    
    SLICE_X4Y52          FDCE (Setup_fdce_C_D)        0.031    15.024    JUDGES_INST/J2/score_good_reg
  -------------------------------------------------------------------
                         required time                         15.024    
                         arrival time                         -15.721    
  -------------------------------------------------------------------
                         slack                                 -0.696    

Slack (VIOLATED) :        -0.677ns  (required time - arrival time)
  Source:                 LANES_INST/L2/y_arr_reg[1][2]/C
                            (rising edge-triggered cell FDCE clocked by sys_clk_pin  {rise@0.000ns fall@5.000ns period=10.000ns})
  Destination:            JUDGES_INST/J2/score_perfect_reg/D
                            (rising edge-triggered cell FDCE clocked by sys_clk_pin  {rise@0.000ns fall@5.000ns period=10.000ns})
  Path Group:             sys_clk_pin
  Path Type:              Setup (Max at Slow Process Corner)
  Requirement:            10.000ns  (sys_clk_pin rise@10.000ns - sys_clk_pin rise@0.000ns)
  Data Path Delay:        10.547ns  (logic 4.334ns (41.093%)  route 6.213ns (58.907%))
  Logic Levels:           14  (CARRY4=5 LUT2=1 LUT4=2 LUT5=3 LUT6=3)
  Clock Path Skew:        -0.127ns (DCD - SCD + CPR)
    Destination Clock Delay (DCD):    4.851ns = ( 14.851 - 10.000 ) 
    Source Clock Delay      (SCD):    5.157ns
    Clock Pessimism Removal (CPR):    0.180ns
  Clock Uncertainty:      0.035ns  ((TSJ^2 + TIJ^2)^1/2 + DJ) / 2 + PE
    Total System Jitter     (TSJ):    0.071ns
    Total Input Jitter      (TIJ):    0.000ns
    Discrete Jitter          (DJ):    0.000ns
    Phase Error              (PE):    0.000ns

    Location             Delay type                Incr(ns)  Path(ns)    Netlist Resource(s)
  -------------------------------------------------------------------    -------------------
                         (clock sys_clk_pin rise edge)
                                                      0.000     0.000 r  
    W5                                                0.000     0.000 r  clk (IN)
                         net (fo=0)                   0.000     0.000    clk
    W5                   IBUF (Prop_ibuf_I_O)         1.458     1.458 r  clk_IBUF_inst/O
                         net (fo=1, routed)           1.967     3.425    clk_IBUF
    BUFGCTRL_X0Y0        BUFG (Prop_bufg_I_O)         0.096     3.521 r  clk_IBUF_BUFG_inst/O
                         net (fo=505, routed)         1.636     5.157    LANES_INST/L2/clk_IBUF_BUFG
    SLICE_X5Y48          FDCE                                         r  LANES_INST/L2/y_arr_reg[1][2]/C
  -------------------------------------------------------------------    -------------------
    SLICE_X5Y48          FDCE (Prop_fdce_C_Q)         0.419     5.576 r  LANES_INST/L2/y_arr_reg[1][2]/Q
                         net (fo=21, routed)          0.883     6.459    LANES_INST/L2/y_arr_reg[1][9]_0[2]
    SLICE_X3Y48          LUT5 (Prop_lut5_I4_O)        0.296     6.755 r  LANES_INST/L2/max_y2_carry_i_7__5/O
                         net (fo=1, routed)           0.000     6.755    JUDGES_INST/J2/max_y2_carry__0_1[1]
    SLICE_X3Y48          CARRY4 (Prop_carry4_S[1]_CO[3])
                                                      0.550     7.305 r  JUDGES_INST/J2/max_y2_carry/CO[3]
                         net (fo=1, routed)           0.000     7.305    JUDGES_INST/J2/max_y2_carry_n_0
    SLICE_X3Y49          CARRY4 (Prop_carry4_CI_CO[0])
                                                      0.271     7.576 r  JUDGES_INST/J2/max_y2_carry__0/CO[0]
                         net (fo=13, routed)          0.680     8.256    LANES_INST/L2/clear_lowest_reg[0]
    SLICE_X4Y51          LUT5 (Prop_lut5_I1_O)        0.373     8.629 r  LANES_INST/L2/max_y2__4_carry__0_i_3__1/O
                         net (fo=3, routed)           0.561     9.190    LANES_INST/L2/max_y2__4_carry__0_i_3__1_n_0
    SLICE_X4Y51          LUT6 (Prop_lut6_I5_O)        0.124     9.314 r  LANES_INST/L2/max_y2__4_carry__0_i_1__1/O
                         net (fo=1, routed)           0.338     9.652    JUDGES_INST/J2/clear_lowest_i_4__1[0]
    SLICE_X2Y51          CARRY4 (Prop_carry4_DI[0]_CO[0])
                                                      0.393    10.045 r  JUDGES_INST/J2/max_y2__4_carry__0/CO[0]
                         net (fo=1, routed)           0.415    10.459    LANES_INST/L2/clear_lowest_reg_1[0]
    SLICE_X5Y51          LUT2 (Prop_lut2_I0_O)        0.367    10.826 r  LANES_INST/L2/clear_lowest_i_4__1/O
                         net (fo=17, routed)          0.544    11.371    LANES_INST/L2/clear_lowest_i_4__1_n_0
    SLICE_X0Y52          LUT6 (Prop_lut6_I1_O)        0.124    11.495 r  LANES_INST/L2/idx2_carry_i_9__1/O
                         net (fo=3, routed)           0.577    12.071    LANES_INST/L2/idx2_carry_i_9__1_n_0
    SLICE_X3Y52          LUT4 (Prop_lut4_I0_O)        0.124    12.195 r  LANES_INST/L2/idx2_carry_i_5__1/O
                         net (fo=1, routed)           0.000    12.195    JUDGES_INST/J2/idx2_carry__0_1[3]
    SLICE_X3Y52          CARRY4 (Prop_carry4_S[3]_CO[3])
                                                      0.401    12.596 r  JUDGES_INST/J2/idx2_carry/CO[3]
                         net (fo=1, routed)           0.000    12.596    JUDGES_INST/J2/idx2_carry_n_0
    SLICE_X3Y53          CARRY4 (Prop_carry4_CI_CO[0])
                                                      0.271    12.867 r  JUDGES_INST/J2/idx2_carry__0/CO[0]
                         net (fo=14, routed)          0.683    13.550    LANES_INST/L2/clear_lowest_reg_0[0]
    SLICE_X0Y52          LUT4 (Prop_lut4_I1_O)        0.373    13.923 r  LANES_INST/L2/score_perfect_i_9__1/O
                         net (fo=1, routed)           0.963    14.887    LANES_INST/L2/score_perfect_i_9__1_n_0
    SLICE_X4Y53          LUT6 (Prop_lut6_I4_O)        0.124    15.011 r  LANES_INST/L2/score_perfect_i_2__1/O
                         net (fo=2, routed)           0.569    15.580    LANES_INST/L2/score_perfect_i_2__1_n_0
    SLICE_X0Y52          LUT5 (Prop_lut5_I2_O)        0.124    15.704 r  LANES_INST/L2/score_perfect_i_1__1/O
                         net (fo=1, routed)           0.000    15.704    JUDGES_INST/J2/score_perfect7_out_2
    SLICE_X0Y52          FDCE                                         r  JUDGES_INST/J2/score_perfect_reg/D
  -------------------------------------------------------------------    -------------------

                         (clock sys_clk_pin rise edge)
                                                     10.000    10.000 r  
    W5                                                0.000    10.000 r  clk (IN)
                         net (fo=0)                   0.000    10.000    clk
    W5                   IBUF (Prop_ibuf_I_O)         1.388    11.388 r  clk_IBUF_inst/O
                         net (fo=1, routed)           1.862    13.250    clk_IBUF
    BUFGCTRL_X0Y0        BUFG (Prop_bufg_I_O)         0.091    13.341 r  clk_IBUF_BUFG_inst/O
                         net (fo=505, routed)         1.510    14.851    JUDGES_INST/J2/clk_IBUF_BUFG
    SLICE_X0Y52          FDCE                                         r  JUDGES_INST/J2/score_perfect_reg/C
                         clock pessimism              0.180    15.031    
                         clock uncertainty           -0.035    14.995    
    SLICE_X0Y52          FDCE (Setup_fdce_C_D)        0.032    15.027    JUDGES_INST/J2/score_perfect_reg
  -------------------------------------------------------------------
                         required time                         15.027    
                         arrival time                         -15.704    
  -------------------------------------------------------------------
                         slack                                 -0.677    

Slack (VIOLATED) :        -0.518ns  (required time - arrival time)
  Source:                 LANES_INST/L3/active_arr_reg[0]/C
                            (rising edge-triggered cell FDCE clocked by sys_clk_pin  {rise@0.000ns fall@5.000ns period=10.000ns})
  Destination:            JUDGES_INST/J3/score_good_reg/D
                            (rising edge-triggered cell FDCE clocked by sys_clk_pin  {rise@0.000ns fall@5.000ns period=10.000ns})
  Path Group:             sys_clk_pin
  Path Type:              Setup (Max at Slow Process Corner)
  Requirement:            10.000ns  (sys_clk_pin rise@10.000ns - sys_clk_pin rise@0.000ns)
  Data Path Delay:        10.474ns  (logic 4.783ns (45.667%)  route 5.691ns (54.333%))
  Logic Levels:           16  (CARRY4=6 LUT2=2 LUT4=1 LUT5=2 LUT6=5)
  Clock Path Skew:        -0.038ns (DCD - SCD + CPR)
    Destination Clock Delay (DCD):    4.843ns = ( 14.843 - 10.000 ) 
    Source Clock Delay      (SCD):    5.139ns
    Clock Pessimism Removal (CPR):    0.258ns
  Clock Uncertainty:      0.035ns  ((TSJ^2 + TIJ^2)^1/2 + DJ) / 2 + PE
    Total System Jitter     (TSJ):    0.071ns
    Total Input Jitter      (TIJ):    0.000ns
    Discrete Jitter          (DJ):    0.000ns
    Phase Error              (PE):    0.000ns

    Location             Delay type                Incr(ns)  Path(ns)    Netlist Resource(s)
  -------------------------------------------------------------------    -------------------
                         (clock sys_clk_pin rise edge)
                                                      0.000     0.000 r  
    W5                                                0.000     0.000 r  clk (IN)
                         net (fo=0)                   0.000     0.000    clk
    W5                   IBUF (Prop_ibuf_I_O)         1.458     1.458 r  clk_IBUF_inst/O
                         net (fo=1, routed)           1.967     3.425    clk_IBUF
    BUFGCTRL_X0Y0        BUFG (Prop_bufg_I_O)         0.096     3.521 r  clk_IBUF_BUFG_inst/O
                         net (fo=505, routed)         1.618     5.139    LANES_INST/L3/clk_IBUF_BUFG
    SLICE_X7Y63          FDCE                                         r  LANES_INST/L3/active_arr_reg[0]/C
  -------------------------------------------------------------------    -------------------
    SLICE_X7Y63          FDCE (Prop_fdce_C_Q)         0.456     5.595 r  LANES_INST/L3/active_arr_reg[0]/Q
                         net (fo=94, routed)          0.912     6.507    LANES_INST/L3/v3[0]
    SLICE_X2Y58          LUT5 (Prop_lut5_I3_O)        0.124     6.631 r  LANES_INST/L3/max_y2_carry_i_7__6/O
                         net (fo=1, routed)           0.000     6.631    JUDGES_INST/J3/max_y2_carry__0_1[1]
    SLICE_X2Y58          CARRY4 (Prop_carry4_S[1]_CO[3])
                                                      0.533     7.164 r  JUDGES_INST/J3/max_y2_carry/CO[3]
                         net (fo=1, routed)           0.000     7.164    JUDGES_INST/J3/max_y2_carry_n_0
    SLICE_X2Y59          CARRY4 (Prop_carry4_CI_CO[0])
                                                      0.254     7.418 r  JUDGES_INST/J3/max_y2_carry__0/CO[0]
                         net (fo=13, routed)          0.539     7.957    LANES_INST/L3/clear_lowest_reg[0]
    SLICE_X5Y59          LUT5 (Prop_lut5_I1_O)        0.367     8.324 r  LANES_INST/L3/max_y2__4_carry_i_11__2/O
                         net (fo=2, routed)           0.717     9.041    LANES_INST/L3/max_y2__4_carry_i_11__2_n_0
    SLICE_X4Y62          LUT6 (Prop_lut6_I1_O)        0.124     9.165 r  LANES_INST/L3/max_y2__4_carry_i_3__2/O
                         net (fo=1, routed)           0.339     9.504    JUDGES_INST/J3/max_y2__4_carry__0_0[1]
    SLICE_X3Y62          CARRY4 (Prop_carry4_DI[1]_CO[3])
                                                      0.507    10.011 r  JUDGES_INST/J3/max_y2__4_carry/CO[3]
                         net (fo=1, routed)           0.000    10.011    JUDGES_INST/J3/max_y2__4_carry_n_0
    SLICE_X3Y63          CARRY4 (Prop_carry4_CI_CO[0])
                                                      0.271    10.282 r  JUDGES_INST/J3/max_y2__4_carry__0/CO[0]
                         net (fo=1, routed)           0.415    10.697    LANES_INST/L3/clear_lowest_reg_1[0]
    SLICE_X5Y63          LUT2 (Prop_lut2_I0_O)        0.373    11.070 r  LANES_INST/L3/clear_lowest_i_4__2/O
                         net (fo=17, routed)          0.411    11.480    LANES_INST/L3/clear_lowest_i_4__2_n_0
    SLICE_X0Y63          LUT6 (Prop_lut6_I1_O)        0.124    11.604 r  LANES_INST/L3/idx2_carry_i_13__2/O
                         net (fo=2, routed)           0.582    12.186    LANES_INST/L3/idx2_carry_i_13__2_n_0
    SLICE_X2Y63          LUT4 (Prop_lut4_I0_O)        0.124    12.310 r  LANES_INST/L3/idx2_carry_i_7__2/O
                         net (fo=1, routed)           0.000    12.310    JUDGES_INST/J3/idx2_carry__0_1[1]
    SLICE_X2Y63          CARRY4 (Prop_carry4_S[1]_CO[3])
                                                      0.533    12.843 r  JUDGES_INST/J3/idx2_carry/CO[3]
                         net (fo=1, routed)           0.000    12.843    JUDGES_INST/J3/idx2_carry_n_0
    SLICE_X2Y64          CARRY4 (Prop_carry4_CI_CO[0])
                                                      0.254    13.097 r  JUDGES_INST/J3/idx2_carry__0/CO[0]
                         net (fo=14, routed)          0.424    13.522    LANES_INST/L3/clear_lowest_reg_0[0]
    SLICE_X3Y64          LUT2 (Prop_lut2_I0_O)        0.367    13.889 r  LANES_INST/L3/clear_lowest_i_3__2/O
                         net (fo=2, routed)           0.774    14.663    LANES_INST/L3/clear_lowest_i_3__2_n_0
    SLICE_X1Y65          LUT6 (Prop_lut6_I2_O)        0.124    14.787 f  LANES_INST/L3/score_good_i_4__2/O
                         net (fo=1, routed)           0.151    14.938    LANES_INST/L3/score_good_i_4__2_n_0
    SLICE_X1Y65          LUT6 (Prop_lut6_I5_O)        0.124    15.062 r  LANES_INST/L3/score_good_i_2__1/O
                         net (fo=2, routed)           0.426    15.489    LANES_INST/L3/score_good_i_2__1_n_0
    SLICE_X0Y66          LUT6 (Prop_lut6_I1_O)        0.124    15.613 r  LANES_INST/L3/score_good_i_1__2/O
                         net (fo=1, routed)           0.000    15.613    JUDGES_INST/J3/score_good0_out_5
    SLICE_X0Y66          FDCE                                         r  JUDGES_INST/J3/score_good_reg/D
  -------------------------------------------------------------------    -------------------

                         (clock sys_clk_pin rise edge)
                                                     10.000    10.000 r  
    W5                                                0.000    10.000 r  clk (IN)
                         net (fo=0)                   0.000    10.000    clk
    W5                   IBUF (Prop_ibuf_I_O)         1.388    11.388 r  clk_IBUF_inst/O
                         net (fo=1, routed)           1.862    13.250    clk_IBUF
    BUFGCTRL_X0Y0        BUFG (Prop_bufg_I_O)         0.091    13.341 r  clk_IBUF_BUFG_inst/O
                         net (fo=505, routed)         1.502    14.843    JUDGES_INST/J3/clk_IBUF_BUFG
    SLICE_X0Y66          FDCE                                         r  JUDGES_INST/J3/score_good_reg/C
                         clock pessimism              0.258    15.101    
                         clock uncertainty           -0.035    15.066    
    SLICE_X0Y66          FDCE (Setup_fdce_C_D)        0.029    15.095    JUDGES_INST/J3/score_good_reg
  -------------------------------------------------------------------
                         required time                         15.095    
                         arrival time                         -15.613    
  -------------------------------------------------------------------
                         slack                                 -0.518    

Slack (VIOLATED) :        -0.501ns  (required time - arrival time)
  Source:                 LANES_INST/L0/active_arr_reg[0]/C
                            (rising edge-triggered cell FDCE clocked by sys_clk_pin  {rise@0.000ns fall@5.000ns period=10.000ns})
  Destination:            LANES_INST/L0/active_arr_reg[1]/D
                            (rising edge-triggered cell FDCE clocked by sys_clk_pin  {rise@0.000ns fall@5.000ns period=10.000ns})
  Path Group:             sys_clk_pin
  Path Type:              Setup (Max at Slow Process Corner)
  Requirement:            10.000ns  (sys_clk_pin rise@10.000ns - sys_clk_pin rise@0.000ns)
  Data Path Delay:        10.459ns  (logic 4.131ns (39.499%)  route 6.328ns (60.501%))
  Logic Levels:           14  (CARRY4=6 LUT2=2 LUT5=3 LUT6=3)
  Clock Path Skew:        -0.038ns (DCD - SCD + CPR)
    Destination Clock Delay (DCD):    4.779ns = ( 14.779 - 10.000 ) 
    Source Clock Delay      (SCD):    5.075ns
    Clock Pessimism Removal (CPR):    0.258ns
  Clock Uncertainty:      0.035ns  ((TSJ^2 + TIJ^2)^1/2 + DJ) / 2 + PE
    Total System Jitter     (TSJ):    0.071ns
    Total Input Jitter      (TIJ):    0.000ns
    Discrete Jitter          (DJ):    0.000ns
    Phase Error              (PE):    0.000ns

    Location             Delay type                Incr(ns)  Path(ns)    Netlist Resource(s)
  -------------------------------------------------------------------    -------------------
                         (clock sys_clk_pin rise edge)
                                                      0.000     0.000 r  
    W5                                                0.000     0.000 r  clk (IN)
                         net (fo=0)                   0.000     0.000    clk
    W5                   IBUF (Prop_ibuf_I_O)         1.458     1.458 r  clk_IBUF_inst/O
                         net (fo=1, routed)           1.967     3.425    clk_IBUF
    BUFGCTRL_X0Y0        BUFG (Prop_bufg_I_O)         0.096     3.521 r  clk_IBUF_BUFG_inst/O
                         net (fo=505, routed)         1.554     5.075    LANES_INST/L0/clk_IBUF_BUFG
    SLICE_X13Y61         FDCE                                         r  LANES_INST/L0/active_arr_reg[0]/C
  -------------------------------------------------------------------    -------------------
    SLICE_X13Y61         FDCE (Prop_fdce_C_Q)         0.456     5.531 r  LANES_INST/L0/active_arr_reg[0]/Q
                         net (fo=94, routed)          1.298     6.829    LANES_INST/L0/v0[0]
    SLICE_X10Y59         LUT5 (Prop_lut5_I4_O)        0.124     6.953 r  LANES_INST/L0/max_y2_carry_i_5/O
                         net (fo=1, routed)           0.000     6.953    LANES_INST/L0/max_y2_carry_i_5_n_0
    SLICE_X10Y59         CARRY4 (Prop_carry4_S[3]_CO[3])
                                                      0.376     7.329 r  LANES_INST/L0/max_y2_carry/CO[3]
                         net (fo=1, routed)           0.000     7.329    LANES_INST/L0/max_y2_carry_n_0
    SLICE_X10Y60         CARRY4 (Prop_carry4_CI_CO[0])
                                                      0.254     7.583 r  LANES_INST/L0/max_y2_carry__0/CO[0]
                         net (fo=14, routed)          0.570     8.154    LANES_INST/L0/max_y210_in
    SLICE_X12Y59         LUT2 (Prop_lut2_I1_O)        0.367     8.521 r  LANES_INST/L0/i__carry_i_11/O
                         net (fo=18, routed)          0.788     9.308    LANES_INST/L0/max_y112_out
    SLICE_X12Y59         LUT6 (Prop_lut6_I4_O)        0.124     9.432 r  LANES_INST/L0/i__carry_i_1/O
                         net (fo=1, routed)           0.330     9.762    LANES_INST/L0/i__carry_i_1_n_0
    SLICE_X13Y59         CARRY4 (Prop_carry4_DI[3]_CO[3])
                                                      0.385    10.147 r  LANES_INST/L0/max_y2_inferred__0/i__carry/CO[3]
                         net (fo=1, routed)           0.000    10.147    LANES_INST/L0/max_y2_inferred__0/i__carry_n_0
    SLICE_X13Y60         CARRY4 (Prop_carry4_CI_CO[0])
                                                      0.271    10.418 r  LANES_INST/L0/max_y2_inferred__0/i__carry__0/CO[0]
                         net (fo=1, routed)           0.422    10.840    LANES_INST/L0/max_y213_in
    SLICE_X14Y60         LUT2 (Prop_lut2_I1_O)        0.373    11.213 r  LANES_INST/L0/lowest_idx2_carry_i_9/O
                         net (fo=22, routed)          0.678    11.891    LANES_INST/L0/max_y115_out
    SLICE_X10Y61         LUT6 (Prop_lut6_I5_O)        0.124    12.015 f  LANES_INST/L0/lowest_idx2_carry_i_10/O
                         net (fo=2, routed)           0.174    12.189    LANES_INST/L0/lowest_idx2_carry_i_10_n_0
    SLICE_X10Y61         LUT6 (Prop_lut6_I4_O)        0.124    12.313 r  LANES_INST/L0/lowest_idx2_carry_i_1/O
                         net (fo=1, routed)           0.635    12.948    LANES_INST/L0/lowest_idx2_carry_i_1_n_0
    SLICE_X11Y60         CARRY4 (Prop_carry4_DI[3]_CO[3])
                                                      0.385    13.333 r  LANES_INST/L0/lowest_idx2_carry/CO[3]
                         net (fo=1, routed)           0.000    13.333    LANES_INST/L0/lowest_idx2_carry_n_0
    SLICE_X11Y61         CARRY4 (Prop_carry4_CI_CO[0])
                                                      0.271    13.604 r  LANES_INST/L0/lowest_idx2_carry__0/CO[0]
                         net (fo=8, routed)           0.680    14.284    LANES_INST/L0/lowest_idx2
    SLICE_X15Y60         LUT5 (Prop_lut5_I2_O)        0.373    14.657 r  LANES_INST/L0/active_arr[1]_i_2__2/O
                         net (fo=1, routed)           0.752    15.409    LANES_INST/L0/p_2_in
    SLICE_X9Y59          LUT5 (Prop_lut5_I0_O)        0.124    15.533 r  LANES_INST/L0/active_arr[1]_i_1/O
                         net (fo=1, routed)           0.000    15.533    LANES_INST/L0/active_arr[1]_i_1_n_0
    SLICE_X9Y59          FDCE                                         r  LANES_INST/L0/active_arr_reg[1]/D
  -------------------------------------------------------------------    -------------------

                         (clock sys_clk_pin rise edge)
                                                     10.000    10.000 r  
    W5                                                0.000    10.000 r  clk (IN)
                         net (fo=0)                   0.000    10.000    clk
    W5                   IBUF (Prop_ibuf_I_O)         1.388    11.388 r  clk_IBUF_inst/O
                         net (fo=1, routed)           1.862    13.250    clk_IBUF
    BUFGCTRL_X0Y0        BUFG (Prop_bufg_I_O)         0.091    13.341 r  clk_IBUF_BUFG_inst/O
                         net (fo=505, routed)         1.438    14.779    LANES_INST/L0/clk_IBUF_BUFG
    SLICE_X9Y59          FDCE                                         r  LANES_INST/L0/active_arr_reg[1]/C
                         clock pessimism              0.258    15.037    
                         clock uncertainty           -0.035    15.002    
    SLICE_X9Y59          FDCE (Setup_fdce_C_D)        0.031    15.033    LANES_INST/L0/active_arr_reg[1]
  -------------------------------------------------------------------
                         required time                         15.033    
                         arrival time                         -15.533    
  -------------------------------------------------------------------
                         slack                                 -0.501    

Slack (VIOLATED) :        -0.474ns  (required time - arrival time)
  Source:                 LANES_INST/L1/y_arr_reg[1][2]/C
                            (rising edge-triggered cell FDCE clocked by sys_clk_pin  {rise@0.000ns fall@5.000ns period=10.000ns})
  Destination:            JUDGES_INST/J1/score_good_reg/D
                            (rising edge-triggered cell FDCE clocked by sys_clk_pin  {rise@0.000ns fall@5.000ns period=10.000ns})
  Path Group:             sys_clk_pin
  Path Type:              Setup (Max at Slow Process Corner)
  Requirement:            10.000ns  (sys_clk_pin rise@10.000ns - sys_clk_pin rise@0.000ns)
  Data Path Delay:        10.491ns  (logic 4.882ns (46.535%)  route 5.609ns (53.465%))
  Logic Levels:           16  (CARRY4=6 LUT2=2 LUT4=1 LUT5=1 LUT6=6)
  Clock Path Skew:        0.023ns (DCD - SCD + CPR)
    Destination Clock Delay (DCD):    4.831ns = ( 14.831 - 10.000 ) 
    Source Clock Delay      (SCD):    5.066ns
    Clock Pessimism Removal (CPR):    0.258ns
  Clock Uncertainty:      0.035ns  ((TSJ^2 + TIJ^2)^1/2 + DJ) / 2 + PE
    Total System Jitter     (TSJ):    0.071ns
    Total Input Jitter      (TIJ):    0.000ns
    Discrete Jitter          (DJ):    0.000ns
    Phase Error              (PE):    0.000ns

    Location             Delay type                Incr(ns)  Path(ns)    Netlist Resource(s)
  -------------------------------------------------------------------    -------------------
                         (clock sys_clk_pin rise edge)
                                                      0.000     0.000 r  
    W5                                                0.000     0.000 r  clk (IN)
                         net (fo=0)                   0.000     0.000    clk
    W5                   IBUF (Prop_ibuf_I_O)         1.458     1.458 r  clk_IBUF_inst/O
                         net (fo=1, routed)           1.967     3.425    clk_IBUF
    BUFGCTRL_X0Y0        BUFG (Prop_bufg_I_O)         0.096     3.521 r  clk_IBUF_BUFG_inst/O
                         net (fo=505, routed)         1.545     5.066    LANES_INST/L1/clk_IBUF_BUFG
    SLICE_X9Y69          FDCE                                         r  LANES_INST/L1/y_arr_reg[1][2]/C
  -------------------------------------------------------------------    -------------------
    SLICE_X9Y69          FDCE (Prop_fdce_C_Q)         0.456     5.522 r  LANES_INST/L1/y_arr_reg[1][2]/Q
                         net (fo=21, routed)          1.022     6.543    LANES_INST/L1/y_arr_reg[1][9]_0[2]
    SLICE_X11Y71         LUT5 (Prop_lut5_I4_O)        0.124     6.667 r  LANES_INST/L1/max_y2_carry_i_7__4/O
                         net (fo=1, routed)           0.000     6.667    JUDGES_INST/J1/max_y2_carry__0_1[1]
    SLICE_X11Y71         CARRY4 (Prop_carry4_S[1]_CO[3])
                                                      0.550     7.217 r  JUDGES_INST/J1/max_y2_carry/CO[3]
                         net (fo=1, routed)           0.000     7.217    JUDGES_INST/J1/max_y2_carry_n_0
    SLICE_X11Y72         CARRY4 (Prop_carry4_CI_CO[0])
                                                      0.271     7.488 r  JUDGES_INST/J1/max_y2_carry__0/CO[0]
                         net (fo=12, routed)          0.399     7.888    LANES_INST/L1/clear_lowest_reg[0]
    SLICE_X9Y72          LUT2 (Prop_lut2_I0_O)        0.373     8.261 r  LANES_INST/L1/clear_lowest_i_2__0/O
                         net (fo=20, routed)          0.496     8.756    LANES_INST/L1/clear_lowest_i_2__0_n_0
    SLICE_X11Y73         LUT6 (Prop_lut6_I2_O)        0.124     8.880 r  LANES_INST/L1/max_y2__4_carry_i_4__0/O
                         net (fo=1, routed)           0.338     9.219    JUDGES_INST/J1/max_y2__4_carry__0_0[0]
    SLICE_X9Y73          CARRY4 (Prop_carry4_DI[0]_CO[3])
                                                      0.526     9.745 r  JUDGES_INST/J1/max_y2__4_carry/CO[3]
                         net (fo=1, routed)           0.000     9.745    JUDGES_INST/J1/max_y2__4_carry_n_0
    SLICE_X9Y74          CARRY4 (Prop_carry4_CI_CO[0])
                                                      0.271    10.016 r  JUDGES_INST/J1/max_y2__4_carry__0/CO[0]
                         net (fo=2, routed)           0.452    10.467    LANES_INST/L1/clear_lowest_reg_1[0]
    SLICE_X8Y73          LUT2 (Prop_lut2_I0_O)        0.373    10.840 r  LANES_INST/L1/clear_lowest_i_4__0/O
                         net (fo=16, routed)          0.480    11.320    LANES_INST/L1/clear_lowest_i_4__0_n_0
    SLICE_X7Y73          LUT6 (Prop_lut6_I1_O)        0.124    11.444 r  LANES_INST/L1/idx2_carry_i_13__0/O
                         net (fo=2, routed)           0.573    12.017    LANES_INST/L1/idx2_carry_i_13__0_n_0
    SLICE_X7Y74          LUT4 (Prop_lut4_I0_O)        0.124    12.141 r  LANES_INST/L1/idx2_carry_i_7__0/O
                         net (fo=1, routed)           0.000    12.141    JUDGES_INST/J1/idx2_carry__0_1[1]
    SLICE_X7Y74          CARRY4 (Prop_carry4_S[1]_CO[3])
                                                      0.550    12.691 r  JUDGES_INST/J1/idx2_carry/CO[3]
                         net (fo=1, routed)           0.009    12.700    JUDGES_INST/J1/idx2_carry_n_0
    SLICE_X7Y75          CARRY4 (Prop_carry4_CI_CO[0])
                                                      0.271    12.971 r  JUDGES_INST/J1/idx2_carry__0/CO[0]
                         net (fo=14, routed)          0.538    13.509    LANES_INST/L1/clear_lowest_reg_0[0]
    SLICE_X4Y73          LUT6 (Prop_lut6_I1_O)        0.373    13.882 f  LANES_INST/L1/score_perfect_i_6__0/O
                         net (fo=2, routed)           0.583    14.466    LANES_INST/L1/score_perfect_i_6__0_n_0
    SLICE_X5Y74          LUT6 (Prop_lut6_I4_O)        0.124    14.590 f  LANES_INST/L1/score_good_i_4__0/O
                         net (fo=1, routed)           0.300    14.890    LANES_INST/L1/score_good_i_4__0_n_0
    SLICE_X3Y74          LUT6 (Prop_lut6_I5_O)        0.124    15.014 r  LANES_INST/L1/score_good_i_2/O
                         net (fo=2, routed)           0.419    15.433    LANES_INST/L1/score_good_i_2_n_0
    SLICE_X5Y74          LUT6 (Prop_lut6_I1_O)        0.124    15.557 r  LANES_INST/L1/score_good_i_1__0/O
                         net (fo=1, routed)           0.000    15.557    JUDGES_INST/J1/score_good0_out_1
    SLICE_X5Y74          FDCE                                         r  JUDGES_INST/J1/score_good_reg/D
  -------------------------------------------------------------------    -------------------

                         (clock sys_clk_pin rise edge)
                                                     10.000    10.000 r  
    W5                                                0.000    10.000 r  clk (IN)
                         net (fo=0)                   0.000    10.000    clk
    W5                   IBUF (Prop_ibuf_I_O)         1.388    11.388 r  clk_IBUF_inst/O
                         net (fo=1, routed)           1.862    13.250    clk_IBUF
    BUFGCTRL_X0Y0        BUFG (Prop_bufg_I_O)         0.091    13.341 r  clk_IBUF_BUFG_inst/O
                         net (fo=505, routed)         1.490    14.831    JUDGES_INST/J1/clk_IBUF_BUFG
    SLICE_X5Y74          FDCE                                         r  JUDGES_INST/J1/score_good_reg/C
                         clock pessimism              0.258    15.089    
                         clock uncertainty           -0.035    15.054    
    SLICE_X5Y74          FDCE (Setup_fdce_C_D)        0.029    15.083    JUDGES_INST/J1/score_good_reg
  -------------------------------------------------------------------
                         required time                         15.083    
                         arrival time                         -15.557    
  -------------------------------------------------------------------
                         slack                                 -0.474    

Slack (VIOLATED) :        -0.453ns  (required time - arrival time)
  Source:                 LANES_INST/L3/active_arr_reg[0]/C
                            (rising edge-triggered cell FDCE clocked by sys_clk_pin  {rise@0.000ns fall@5.000ns period=10.000ns})
  Destination:            JUDGES_INST/J3/fatal_miss_reg/D
                            (rising edge-triggered cell FDCE clocked by sys_clk_pin  {rise@0.000ns fall@5.000ns period=10.000ns})
  Path Group:             sys_clk_pin
  Path Type:              Setup (Max at Slow Process Corner)
  Requirement:            10.000ns  (sys_clk_pin rise@10.000ns - sys_clk_pin rise@0.000ns)
  Data Path Delay:        10.410ns  (logic 4.783ns (45.947%)  route 5.627ns (54.053%))
  Logic Levels:           16  (CARRY4=6 LUT2=2 LUT4=2 LUT5=2 LUT6=4)
  Clock Path Skew:        -0.037ns (DCD - SCD + CPR)
    Destination Clock Delay (DCD):    4.844ns = ( 14.844 - 10.000 ) 
    Source Clock Delay      (SCD):    5.139ns
    Clock Pessimism Removal (CPR):    0.258ns
  Clock Uncertainty:      0.035ns  ((TSJ^2 + TIJ^2)^1/2 + DJ) / 2 + PE
    Total System Jitter     (TSJ):    0.071ns
    Total Input Jitter      (TIJ):    0.000ns
    Discrete Jitter          (DJ):    0.000ns
    Phase Error              (PE):    0.000ns

    Location             Delay type                Incr(ns)  Path(ns)    Netlist Resource(s)
  -------------------------------------------------------------------    -------------------
                         (clock sys_clk_pin rise edge)
                                                      0.000     0.000 r  
    W5                                                0.000     0.000 r  clk (IN)
                         net (fo=0)                   0.000     0.000    clk
    W5                   IBUF (Prop_ibuf_I_O)         1.458     1.458 r  clk_IBUF_inst/O
                         net (fo=1, routed)           1.967     3.425    clk_IBUF
    BUFGCTRL_X0Y0        BUFG (Prop_bufg_I_O)         0.096     3.521 r  clk_IBUF_BUFG_inst/O
                         net (fo=505, routed)         1.618     5.139    LANES_INST/L3/clk_IBUF_BUFG
    SLICE_X7Y63          FDCE                                         r  LANES_INST/L3/active_arr_reg[0]/C
  -------------------------------------------------------------------    -------------------
    SLICE_X7Y63          FDCE (Prop_fdce_C_Q)         0.456     5.595 r  LANES_INST/L3/active_arr_reg[0]/Q
                         net (fo=94, routed)          0.912     6.507    LANES_INST/L3/v3[0]
    SLICE_X2Y58          LUT5 (Prop_lut5_I3_O)        0.124     6.631 r  LANES_INST/L3/max_y2_carry_i_7__6/O
                         net (fo=1, routed)           0.000     6.631    JUDGES_INST/J3/max_y2_carry__0_1[1]
    SLICE_X2Y58          CARRY4 (Prop_carry4_S[1]_CO[3])
                                                      0.533     7.164 r  JUDGES_INST/J3/max_y2_carry/CO[3]
                         net (fo=1, routed)           0.000     7.164    JUDGES_INST/J3/max_y2_carry_n_0
    SLICE_X2Y59          CARRY4 (Prop_carry4_CI_CO[0])
                                                      0.254     7.418 r  JUDGES_INST/J3/max_y2_carry__0/CO[0]
                         net (fo=13, routed)          0.539     7.957    LANES_INST/L3/clear_lowest_reg[0]
    SLICE_X5Y59          LUT5 (Prop_lut5_I1_O)        0.367     8.324 r  LANES_INST/L3/max_y2__4_carry_i_11__2/O
                         net (fo=2, routed)           0.717     9.041    LANES_INST/L3/max_y2__4_carry_i_11__2_n_0
    SLICE_X4Y62          LUT6 (Prop_lut6_I1_O)        0.124     9.165 r  LANES_INST/L3/max_y2__4_carry_i_3__2/O
                         net (fo=1, routed)           0.339     9.504    JUDGES_INST/J3/max_y2__4_carry__0_0[1]
    SLICE_X3Y62          CARRY4 (Prop_carry4_DI[1]_CO[3])
                                                      0.507    10.011 r  JUDGES_INST/J3/max_y2__4_carry/CO[3]
                         net (fo=1, routed)           0.000    10.011    JUDGES_INST/J3/max_y2__4_carry_n_0
    SLICE_X3Y63          CARRY4 (Prop_carry4_CI_CO[0])
                                                      0.271    10.282 r  JUDGES_INST/J3/max_y2__4_carry__0/CO[0]
                         net (fo=1, routed)           0.415    10.697    LANES_INST/L3/clear_lowest_reg_1[0]
    SLICE_X5Y63          LUT2 (Prop_lut2_I0_O)        0.373    11.070 r  LANES_INST/L3/clear_lowest_i_4__2/O
                         net (fo=17, routed)          0.411    11.480    LANES_INST/L3/clear_lowest_i_4__2_n_0
    SLICE_X0Y63          LUT6 (Prop_lut6_I1_O)        0.124    11.604 r  LANES_INST/L3/idx2_carry_i_13__2/O
                         net (fo=2, routed)           0.582    12.186    LANES_INST/L3/idx2_carry_i_13__2_n_0
    SLICE_X2Y63          LUT4 (Prop_lut4_I0_O)        0.124    12.310 r  LANES_INST/L3/idx2_carry_i_7__2/O
                         net (fo=1, routed)           0.000    12.310    JUDGES_INST/J3/idx2_carry__0_1[1]
    SLICE_X2Y63          CARRY4 (Prop_carry4_S[1]_CO[3])
                                                      0.533    12.843 r  JUDGES_INST/J3/idx2_carry/CO[3]
                         net (fo=1, routed)           0.000    12.843    JUDGES_INST/J3/idx2_carry_n_0
    SLICE_X2Y64          CARRY4 (Prop_carry4_CI_CO[0])
                                                      0.254    13.097 r  JUDGES_INST/J3/idx2_carry__0/CO[0]
                         net (fo=14, routed)          0.424    13.522    LANES_INST/L3/clear_lowest_reg_0[0]
    SLICE_X3Y64          LUT2 (Prop_lut2_I0_O)        0.367    13.889 r  LANES_INST/L3/clear_lowest_i_3__2/O
                         net (fo=2, routed)           0.774    14.663    LANES_INST/L3/clear_lowest_i_3__2_n_0
    SLICE_X1Y65          LUT6 (Prop_lut6_I2_O)        0.124    14.787 r  LANES_INST/L3/score_good_i_4__2/O
                         net (fo=1, routed)           0.151    14.938    LANES_INST/L3/score_good_i_4__2_n_0
    SLICE_X1Y65          LUT6 (Prop_lut6_I5_O)        0.124    15.062 f  LANES_INST/L3/score_good_i_2__1/O
                         net (fo=2, routed)           0.363    15.425    LANES_INST/L3/score_good_i_2__1_n_0
    SLICE_X0Y65          LUT4 (Prop_lut4_I1_O)        0.124    15.549 r  LANES_INST/L3/fatal_miss_i_1__2/O
                         net (fo=1, routed)           0.000    15.549    JUDGES_INST/J3/fatal_miss_reg_0
    SLICE_X0Y65          FDCE                                         r  JUDGES_INST/J3/fatal_miss_reg/D
  -------------------------------------------------------------------    -------------------

                         (clock sys_clk_pin rise edge)
                                                     10.000    10.000 r  
    W5                                                0.000    10.000 r  clk (IN)
                         net (fo=0)                   0.000    10.000    clk
    W5                   IBUF (Prop_ibuf_I_O)         1.388    11.388 r  clk_IBUF_inst/O
                         net (fo=1, routed)           1.862    13.250    clk_IBUF
    BUFGCTRL_X0Y0        BUFG (Prop_bufg_I_O)         0.091    13.341 r  clk_IBUF_BUFG_inst/O
                         net (fo=505, routed)         1.503    14.844    JUDGES_INST/J3/clk_IBUF_BUFG
    SLICE_X0Y65          FDCE                                         r  JUDGES_INST/J3/fatal_miss_reg/C
                         clock pessimism              0.258    15.102    
                         clock uncertainty           -0.035    15.067    
    SLICE_X0Y65          FDCE (Setup_fdce_C_D)        0.029    15.096    JUDGES_INST/J3/fatal_miss_reg
  -------------------------------------------------------------------
                         required time                         15.096    
                         arrival time                         -15.549    
  -------------------------------------------------------------------
                         slack                                 -0.453    

Slack (VIOLATED) :        -0.404ns  (required time - arrival time)
  Source:                 LANES_INST/L2/y_arr_reg[1][2]/C
                            (rising edge-triggered cell FDCE clocked by sys_clk_pin  {rise@0.000ns fall@5.000ns period=10.000ns})
  Destination:            LANES_INST/L2/active_arr_reg[0]/D
                            (rising edge-triggered cell FDCE clocked by sys_clk_pin  {rise@0.000ns fall@5.000ns period=10.000ns})
  Path Group:             sys_clk_pin
  Path Type:              Setup (Max at Slow Process Corner)
  Requirement:            10.000ns  (sys_clk_pin rise@10.000ns - sys_clk_pin rise@0.000ns)
  Data Path Delay:        10.364ns  (logic 4.725ns (45.590%)  route 5.639ns (54.410%))
  Logic Levels:           15  (CARRY4=6 LUT2=2 LUT5=2 LUT6=5)
  Clock Path Skew:        -0.036ns (DCD - SCD + CPR)
    Destination Clock Delay (DCD):    4.861ns = ( 14.861 - 10.000 ) 
    Source Clock Delay      (SCD):    5.157ns
    Clock Pessimism Removal (CPR):    0.260ns
  Clock Uncertainty:      0.035ns  ((TSJ^2 + TIJ^2)^1/2 + DJ) / 2 + PE
    Total System Jitter     (TSJ):    0.071ns
    Total Input Jitter      (TIJ):    0.000ns
    Discrete Jitter          (DJ):    0.000ns
    Phase Error              (PE):    0.000ns

    Location             Delay type                Incr(ns)  Path(ns)    Netlist Resource(s)
  -------------------------------------------------------------------    -------------------
                         (clock sys_clk_pin rise edge)
                                                      0.000     0.000 r  
    W5                                                0.000     0.000 r  clk (IN)
                         net (fo=0)                   0.000     0.000    clk
    W5                   IBUF (Prop_ibuf_I_O)         1.458     1.458 r  clk_IBUF_inst/O
                         net (fo=1, routed)           1.967     3.425    clk_IBUF
    BUFGCTRL_X0Y0        BUFG (Prop_bufg_I_O)         0.096     3.521 r  clk_IBUF_BUFG_inst/O
                         net (fo=505, routed)         1.636     5.157    LANES_INST/L2/clk_IBUF_BUFG
    SLICE_X5Y48          FDCE                                         r  LANES_INST/L2/y_arr_reg[1][2]/C
  -------------------------------------------------------------------    -------------------
    SLICE_X5Y48          FDCE (Prop_fdce_C_Q)         0.419     5.576 r  LANES_INST/L2/y_arr_reg[1][2]/Q
                         net (fo=21, routed)          1.074     6.650    LANES_INST/L2/y_arr_reg[1][9]_0[2]
    SLICE_X4Y49          LUT5 (Prop_lut5_I0_O)        0.296     6.946 r  LANES_INST/L2/max_y2_carry_i_7__1/O
                         net (fo=1, routed)           0.000     6.946    LANES_INST/L2/max_y2_carry_i_7__1_n_0
    SLICE_X4Y49          CARRY4 (Prop_carry4_S[1]_CO[3])
                                                      0.550     7.496 r  LANES_INST/L2/max_y2_carry/CO[3]
                         net (fo=1, routed)           0.001     7.497    LANES_INST/L2/max_y2_carry_n_0
    SLICE_X4Y50          CARRY4 (Prop_carry4_CI_CO[0])
                                                      0.271     7.768 r  LANES_INST/L2/max_y2_carry__0/CO[0]
                         net (fo=14, routed)          0.526     8.294    LANES_INST/L2/max_y210_in
    SLICE_X7Y47          LUT2 (Prop_lut2_I1_O)        0.373     8.667 r  LANES_INST/L2/i__carry_i_11__1/O
                         net (fo=18, routed)          0.534     9.201    LANES_INST/L2/max_y112_out
    SLICE_X6Y47          LUT6 (Prop_lut6_I1_O)        0.124     9.325 r  LANES_INST/L2/i__carry_i_2__1/O
                         net (fo=1, routed)           0.514     9.840    LANES_INST/L2/i__carry_i_2__1_n_0
    SLICE_X6Y48          CARRY4 (Prop_carry4_DI[2]_CO[3])
                                                      0.404    10.244 r  LANES_INST/L2/max_y2_inferred__0/i__carry/CO[3]
                         net (fo=1, routed)           0.000    10.244    LANES_INST/L2/max_y2_inferred__0/i__carry_n_0
    SLICE_X6Y49          CARRY4 (Prop_carry4_CI_CO[0])
                                                      0.254    10.498 r  LANES_INST/L2/max_y2_inferred__0/i__carry__0/CO[0]
                         net (fo=1, routed)           0.346    10.844    LANES_INST/L2/max_y213_in
    SLICE_X7Y49          LUT2 (Prop_lut2_I1_O)        0.367    11.211 r  LANES_INST/L2/lowest_idx2_carry_i_9__1/O
                         net (fo=22, routed)          0.510    11.721    LANES_INST/L2/max_y115_out
    SLICE_X6Y47          LUT6 (Prop_lut6_I5_O)        0.124    11.845 f  LANES_INST/L2/lowest_idx2_carry_i_15__1/O
                         net (fo=2, routed)           0.559    12.405    LANES_INST/L2/lowest_idx2_carry_i_15__1_n_0
    SLICE_X7Y50          LUT6 (Prop_lut6_I4_O)        0.124    12.529 r  LANES_INST/L2/lowest_idx2_carry_i_4__1/O
                         net (fo=1, routed)           0.332    12.861    LANES_INST/L2/lowest_idx2_carry_i_4__1_n_0
    SLICE_X6Y50          CARRY4 (Prop_carry4_DI[0]_CO[3])
                                                      0.550    13.411 r  LANES_INST/L2/lowest_idx2_carry/CO[3]
                         net (fo=1, routed)           0.000    13.411    LANES_INST/L2/lowest_idx2_carry_n_0
    SLICE_X6Y51          CARRY4 (Prop_carry4_CI_CO[0])
                                                      0.254    13.665 f  LANES_INST/L2/lowest_idx2_carry__0/CO[0]
                         net (fo=8, routed)           0.362    14.027    LANES_INST/L2/lowest_idx2
    SLICE_X5Y51          LUT6 (Prop_lut6_I1_O)        0.367    14.394 r  LANES_INST/L2/active_arr[0]_i_6__1/O
                         net (fo=1, routed)           0.403    14.797    LANES_INST/L2/active_arr[0]_i_6__1_n_0
    SLICE_X5Y51          LUT6 (Prop_lut6_I0_O)        0.124    14.921 r  LANES_INST/L2/active_arr[0]_i_4__1/O
                         net (fo=1, routed)           0.476    15.397    LANES_INST/L2/active_arr[0]_i_4__1_n_0
    SLICE_X3Y47          LUT5 (Prop_lut5_I4_O)        0.124    15.521 r  LANES_INST/L2/active_arr[0]_i_1__1/O
                         net (fo=1, routed)           0.000    15.521    LANES_INST/L2/active_arr[0]_i_1__1_n_0
    SLICE_X3Y47          FDCE                                         r  LANES_INST/L2/active_arr_reg[0]/D
  -------------------------------------------------------------------    -------------------

                         (clock sys_clk_pin rise edge)
                                                     10.000    10.000 r  
    W5                                                0.000    10.000 r  clk (IN)
                         net (fo=0)                   0.000    10.000    clk
    W5                   IBUF (Prop_ibuf_I_O)         1.388    11.388 r  clk_IBUF_inst/O
                         net (fo=1, routed)           1.862    13.250    clk_IBUF
    BUFGCTRL_X0Y0        BUFG (Prop_bufg_I_O)         0.091    13.341 r  clk_IBUF_BUFG_inst/O
                         net (fo=505, routed)         1.520    14.861    LANES_INST/L2/clk_IBUF_BUFG
    SLICE_X3Y47          FDCE                                         r  LANES_INST/L2/active_arr_reg[0]/C
                         clock pessimism              0.260    15.121    
                         clock uncertainty           -0.035    15.086    
    SLICE_X3Y47          FDCE (Setup_fdce_C_D)        0.031    15.117    LANES_INST/L2/active_arr_reg[0]
  -------------------------------------------------------------------
                         required time                         15.117    
                         arrival time                         -15.521    
  -------------------------------------------------------------------
                         slack                                 -0.404    

Slack (VIOLATED) :        -0.403ns  (required time - arrival time)
  Source:                 LANES_INST/L0/active_arr_reg[0]/C
                            (rising edge-triggered cell FDCE clocked by sys_clk_pin  {rise@0.000ns fall@5.000ns period=10.000ns})
  Destination:            LANES_INST/L0/active_arr_reg[0]/D
                            (rising edge-triggered cell FDCE clocked by sys_clk_pin  {rise@0.000ns fall@5.000ns period=10.000ns})
  Path Group:             sys_clk_pin
  Path Type:              Setup (Max at Slow Process Corner)
  Requirement:            10.000ns  (sys_clk_pin rise@10.000ns - sys_clk_pin rise@0.000ns)
  Data Path Delay:        10.398ns  (logic 4.255ns (40.920%)  route 6.143ns (59.080%))
  Logic Levels:           15  (CARRY4=6 LUT2=2 LUT5=2 LUT6=5)
  Clock Path Skew:        0.000ns (DCD - SCD + CPR)
    Destination Clock Delay (DCD):    4.778ns = ( 14.778 - 10.000 ) 
    Source Clock Delay      (SCD):    5.075ns
    Clock Pessimism Removal (CPR):    0.297ns
  Clock Uncertainty:      0.035ns  ((TSJ^2 + TIJ^2)^1/2 + DJ) / 2 + PE
    Total System Jitter     (TSJ):    0.071ns
    Total Input Jitter      (TIJ):    0.000ns
    Discrete Jitter          (DJ):    0.000ns
    Phase Error              (PE):    0.000ns

    Location             Delay type                Incr(ns)  Path(ns)    Netlist Resource(s)
  -------------------------------------------------------------------    -------------------
                         (clock sys_clk_pin rise edge)
                                                      0.000     0.000 r  
    W5                                                0.000     0.000 r  clk (IN)
                         net (fo=0)                   0.000     0.000    clk
    W5                   IBUF (Prop_ibuf_I_O)         1.458     1.458 r  clk_IBUF_inst/O
                         net (fo=1, routed)           1.967     3.425    clk_IBUF
    BUFGCTRL_X0Y0        BUFG (Prop_bufg_I_O)         0.096     3.521 r  clk_IBUF_BUFG_inst/O
                         net (fo=505, routed)         1.554     5.075    LANES_INST/L0/clk_IBUF_BUFG
    SLICE_X13Y61         FDCE                                         r  LANES_INST/L0/active_arr_reg[0]/C
  -------------------------------------------------------------------    -------------------
    SLICE_X13Y61         FDCE (Prop_fdce_C_Q)         0.456     5.531 r  LANES_INST/L0/active_arr_reg[0]/Q
                         net (fo=94, routed)          1.298     6.829    LANES_INST/L0/v0[0]
    SLICE_X10Y59         LUT5 (Prop_lut5_I4_O)        0.124     6.953 r  LANES_INST/L0/max_y2_carry_i_5/O
                         net (fo=1, routed)           0.000     6.953    LANES_INST/L0/max_y2_carry_i_5_n_0
    SLICE_X10Y59         CARRY4 (Prop_carry4_S[3]_CO[3])
                                                      0.376     7.329 r  LANES_INST/L0/max_y2_carry/CO[3]
                         net (fo=1, routed)           0.000     7.329    LANES_INST/L0/max_y2_carry_n_0
    SLICE_X10Y60         CARRY4 (Prop_carry4_CI_CO[0])
                                                      0.254     7.583 r  LANES_INST/L0/max_y2_carry__0/CO[0]
                         net (fo=14, routed)          0.570     8.154    LANES_INST/L0/max_y210_in
    SLICE_X12Y59         LUT2 (Prop_lut2_I1_O)        0.367     8.521 r  LANES_INST/L0/i__carry_i_11/O
                         net (fo=18, routed)          0.788     9.308    LANES_INST/L0/max_y112_out
    SLICE_X12Y59         LUT6 (Prop_lut6_I4_O)        0.124     9.432 r  LANES_INST/L0/i__carry_i_1/O
                         net (fo=1, routed)           0.330     9.762    LANES_INST/L0/i__carry_i_1_n_0
    SLICE_X13Y59         CARRY4 (Prop_carry4_DI[3]_CO[3])
                                                      0.385    10.147 r  LANES_INST/L0/max_y2_inferred__0/i__carry/CO[3]
                         net (fo=1, routed)           0.000    10.147    LANES_INST/L0/max_y2_inferred__0/i__carry_n_0
    SLICE_X13Y60         CARRY4 (Prop_carry4_CI_CO[0])
                                                      0.271    10.418 r  LANES_INST/L0/max_y2_inferred__0/i__carry__0/CO[0]
                         net (fo=1, routed)           0.422    10.840    LANES_INST/L0/max_y213_in
    SLICE_X14Y60         LUT2 (Prop_lut2_I1_O)        0.373    11.213 r  LANES_INST/L0/lowest_idx2_carry_i_9/O
                         net (fo=22, routed)          0.678    11.891    LANES_INST/L0/max_y115_out
    SLICE_X10Y61         LUT6 (Prop_lut6_I5_O)        0.124    12.015 f  LANES_INST/L0/lowest_idx2_carry_i_10/O
                         net (fo=2, routed)           0.174    12.189    LANES_INST/L0/lowest_idx2_carry_i_10_n_0
    SLICE_X10Y61         LUT6 (Prop_lut6_I4_O)        0.124    12.313 r  LANES_INST/L0/lowest_idx2_carry_i_1/O
                         net (fo=1, routed)           0.635    12.948    LANES_INST/L0/lowest_idx2_carry_i_1_n_0
    SLICE_X11Y60         CARRY4 (Prop_carry4_DI[3]_CO[3])
                                                      0.385    13.333 r  LANES_INST/L0/lowest_idx2_carry/CO[3]
                         net (fo=1, routed)           0.000    13.333    LANES_INST/L0/lowest_idx2_carry_n_0
    SLICE_X11Y61         CARRY4 (Prop_carry4_CI_CO[0])
                                                      0.271    13.604 f  LANES_INST/L0/lowest_idx2_carry__0/CO[0]
                         net (fo=8, routed)           0.384    13.988    LANES_INST/L0/lowest_idx2
    SLICE_X9Y60          LUT6 (Prop_lut6_I1_O)        0.373    14.361 r  LANES_INST/L0/active_arr[0]_i_6/O
                         net (fo=1, routed)           0.406    14.767    LANES_INST/L0/active_arr[0]_i_6_n_0
    SLICE_X9Y61          LUT6 (Prop_lut6_I0_O)        0.124    14.891 r  LANES_INST/L0/active_arr[0]_i_4/O
                         net (fo=1, routed)           0.458    15.349    LANES_INST/L0/active_arr[0]_i_4_n_0
    SLICE_X13Y61         LUT5 (Prop_lut5_I4_O)        0.124    15.473 r  LANES_INST/L0/active_arr[0]_i_1/O
                         net (fo=1, routed)           0.000    15.473    LANES_INST/L0/active_arr[0]_i_1_n_0
    SLICE_X13Y61         FDCE                                         r  LANES_INST/L0/active_arr_reg[0]/D
  -------------------------------------------------------------------    -------------------

                         (clock sys_clk_pin rise edge)
                                                     10.000    10.000 r  
    W5                                                0.000    10.000 r  clk (IN)
                         net (fo=0)                   0.000    10.000    clk
    W5                   IBUF (Prop_ibuf_I_O)         1.388    11.388 r  clk_IBUF_inst/O
                         net (fo=1, routed)           1.862    13.250    clk_IBUF
    BUFGCTRL_X0Y0        BUFG (Prop_bufg_I_O)         0.091    13.341 r  clk_IBUF_BUFG_inst/O
                         net (fo=505, routed)         1.437    14.778    LANES_INST/L0/clk_IBUF_BUFG
    SLICE_X13Y61         FDCE                                         r  LANES_INST/L0/active_arr_reg[0]/C
                         clock pessimism              0.297    15.075    
                         clock uncertainty           -0.035    15.040    
    SLICE_X13Y61         FDCE (Setup_fdce_C_D)        0.031    15.071    LANES_INST/L0/active_arr_reg[0]
  -------------------------------------------------------------------
                         required time                         15.071    
                         arrival time                         -15.473    
  -------------------------------------------------------------------
                         slack                                 -0.403    

Slack (VIOLATED) :        -0.374ns  (required time - arrival time)
  Source:                 LANES_INST/L3/active_arr_reg[0]/C
                            (rising edge-triggered cell FDCE clocked by sys_clk_pin  {rise@0.000ns fall@5.000ns period=10.000ns})
  Destination:            JUDGES_INST/J3/score_perfect_reg/D
                            (rising edge-triggered cell FDCE clocked by sys_clk_pin  {rise@0.000ns fall@5.000ns period=10.000ns})
  Path Group:             sys_clk_pin
  Path Type:              Setup (Max at Slow Process Corner)
  Requirement:            10.000ns  (sys_clk_pin rise@10.000ns - sys_clk_pin rise@0.000ns)
  Data Path Delay:        10.333ns  (logic 4.659ns (45.089%)  route 5.674ns (54.911%))
  Logic Levels:           15  (CARRY4=6 LUT2=1 LUT4=1 LUT5=3 LUT6=4)
  Clock Path Skew:        -0.037ns (DCD - SCD + CPR)
    Destination Clock Delay (DCD):    4.844ns = ( 14.844 - 10.000 ) 
    Source Clock Delay      (SCD):    5.139ns
    Clock Pessimism Removal (CPR):    0.258ns
  Clock Uncertainty:      0.035ns  ((TSJ^2 + TIJ^2)^1/2 + DJ) / 2 + PE
    Total System Jitter     (TSJ):    0.071ns
    Total Input Jitter      (TIJ):    0.000ns
    Discrete Jitter          (DJ):    0.000ns
    Phase Error              (PE):    0.000ns

    Location             Delay type                Incr(ns)  Path(ns)    Netlist Resource(s)
  -------------------------------------------------------------------    -------------------
                         (clock sys_clk_pin rise edge)
                                                      0.000     0.000 r  
    W5                                                0.000     0.000 r  clk (IN)
                         net (fo=0)                   0.000     0.000    clk
    W5                   IBUF (Prop_ibuf_I_O)         1.458     1.458 r  clk_IBUF_inst/O
                         net (fo=1, routed)           1.967     3.425    clk_IBUF
    BUFGCTRL_X0Y0        BUFG (Prop_bufg_I_O)         0.096     3.521 r  clk_IBUF_BUFG_inst/O
                         net (fo=505, routed)         1.618     5.139    LANES_INST/L3/clk_IBUF_BUFG
    SLICE_X7Y63          FDCE                                         r  LANES_INST/L3/active_arr_reg[0]/C
  -------------------------------------------------------------------    -------------------
    SLICE_X7Y63          FDCE (Prop_fdce_C_Q)         0.456     5.595 r  LANES_INST/L3/active_arr_reg[0]/Q
                         net (fo=94, routed)          0.912     6.507    LANES_INST/L3/v3[0]
    SLICE_X2Y58          LUT5 (Prop_lut5_I3_O)        0.124     6.631 r  LANES_INST/L3/max_y2_carry_i_7__6/O
                         net (fo=1, routed)           0.000     6.631    JUDGES_INST/J3/max_y2_carry__0_1[1]
    SLICE_X2Y58          CARRY4 (Prop_carry4_S[1]_CO[3])
                                                      0.533     7.164 r  JUDGES_INST/J3/max_y2_carry/CO[3]
                         net (fo=1, routed)           0.000     7.164    JUDGES_INST/J3/max_y2_carry_n_0
    SLICE_X2Y59          CARRY4 (Prop_carry4_CI_CO[0])
                                                      0.254     7.418 r  JUDGES_INST/J3/max_y2_carry__0/CO[0]
                         net (fo=13, routed)          0.539     7.957    LANES_INST/L3/clear_lowest_reg[0]
    SLICE_X5Y59          LUT5 (Prop_lut5_I1_O)        0.367     8.324 r  LANES_INST/L3/max_y2__4_carry_i_11__2/O
                         net (fo=2, routed)           0.717     9.041    LANES_INST/L3/max_y2__4_carry_i_11__2_n_0
    SLICE_X4Y62          LUT6 (Prop_lut6_I1_O)        0.124     9.165 r  LANES_INST/L3/max_y2__4_carry_i_3__2/O
                         net (fo=1, routed)           0.339     9.504    JUDGES_INST/J3/max_y2__4_carry__0_0[1]
    SLICE_X3Y62          CARRY4 (Prop_carry4_DI[1]_CO[3])
                                                      0.507    10.011 r  JUDGES_INST/J3/max_y2__4_carry/CO[3]
                         net (fo=1, routed)           0.000    10.011    JUDGES_INST/J3/max_y2__4_carry_n_0
    SLICE_X3Y63          CARRY4 (Prop_carry4_CI_CO[0])
                                                      0.271    10.282 r  JUDGES_INST/J3/max_y2__4_carry__0/CO[0]
                         net (fo=1, routed)           0.415    10.697    LANES_INST/L3/clear_lowest_reg_1[0]
    SLICE_X5Y63          LUT2 (Prop_lut2_I0_O)        0.373    11.070 r  LANES_INST/L3/clear_lowest_i_4__2/O
                         net (fo=17, routed)          0.411    11.480    LANES_INST/L3/clear_lowest_i_4__2_n_0
    SLICE_X0Y63          LUT6 (Prop_lut6_I1_O)        0.124    11.604 r  LANES_INST/L3/idx2_carry_i_13__2/O
                         net (fo=2, routed)           0.582    12.186    LANES_INST/L3/idx2_carry_i_13__2_n_0
    SLICE_X2Y63          LUT4 (Prop_lut4_I0_O)        0.124    12.310 r  LANES_INST/L3/idx2_carry_i_7__2/O
                         net (fo=1, routed)           0.000    12.310    JUDGES_INST/J3/idx2_carry__0_1[1]
    SLICE_X2Y63          CARRY4 (Prop_carry4_S[1]_CO[3])
                                                      0.533    12.843 r  JUDGES_INST/J3/idx2_carry/CO[3]
                         net (fo=1, routed)           0.000    12.843    JUDGES_INST/J3/idx2_carry_n_0
    SLICE_X2Y64          CARRY4 (Prop_carry4_CI_CO[0])
                                                      0.254    13.097 r  JUDGES_INST/J3/idx2_carry__0/CO[0]
                         net (fo=14, routed)          0.598    13.696    LANES_INST/L3/clear_lowest_reg_0[0]
    SLICE_X2Y65          LUT6 (Prop_lut6_I1_O)        0.367    14.063 r  LANES_INST/L3/score_perfect_i_6__2/O
                         net (fo=2, routed)           0.653    14.716    LANES_INST/L3/score_perfect_i_6__2_n_0
    SLICE_X3Y66          LUT6 (Prop_lut6_I1_O)        0.124    14.840 r  LANES_INST/L3/score_perfect_i_2__2/O
                         net (fo=2, routed)           0.508    15.348    LANES_INST/L3/score_perfect_i_2__2_n_0
    SLICE_X0Y65          LUT5 (Prop_lut5_I2_O)        0.124    15.472 r  LANES_INST/L3/score_perfect_i_1__2/O
                         net (fo=1, routed)           0.000    15.472    JUDGES_INST/J3/score_perfect7_out_4
    SLICE_X0Y65          FDCE                                         r  JUDGES_INST/J3/score_perfect_reg/D
  -------------------------------------------------------------------    -------------------

                         (clock sys_clk_pin rise edge)
                                                     10.000    10.000 r  
    W5                                                0.000    10.000 r  clk (IN)
                         net (fo=0)                   0.000    10.000    clk
    W5                   IBUF (Prop_ibuf_I_O)         1.388    11.388 r  clk_IBUF_inst/O
                         net (fo=1, routed)           1.862    13.250    clk_IBUF
    BUFGCTRL_X0Y0        BUFG (Prop_bufg_I_O)         0.091    13.341 r  clk_IBUF_BUFG_inst/O
                         net (fo=505, routed)         1.503    14.844    JUDGES_INST/J3/clk_IBUF_BUFG
    SLICE_X0Y65          FDCE                                         r  JUDGES_INST/J3/score_perfect_reg/C
                         clock pessimism              0.258    15.102    
                         clock uncertainty           -0.035    15.067    
    SLICE_X0Y65          FDCE (Setup_fdce_C_D)        0.031    15.098    JUDGES_INST/J3/score_perfect_reg
  -------------------------------------------------------------------
                         required time                         15.098    
                         arrival time                         -15.472    
  -------------------------------------------------------------------
                         slack                                 -0.374    

Slack (VIOLATED) :        -0.338ns  (required time - arrival time)
  Source:                 LANES_INST/L0/active_arr_reg[0]/C
                            (rising edge-triggered cell FDCE clocked by sys_clk_pin  {rise@0.000ns fall@5.000ns period=10.000ns})
  Destination:            JUDGES_INST/J0/score_good_reg/D
                            (rising edge-triggered cell FDCE clocked by sys_clk_pin  {rise@0.000ns fall@5.000ns period=10.000ns})
  Path Group:             sys_clk_pin
  Path Type:              Setup (Max at Slow Process Corner)
  Requirement:            10.000ns  (sys_clk_pin rise@10.000ns - sys_clk_pin rise@0.000ns)
  Data Path Delay:        10.307ns  (logic 4.689ns (45.495%)  route 5.618ns (54.505%))
  Logic Levels:           15  (CARRY4=6 LUT2=2 LUT4=2 LUT5=1 LUT6=4)
  Clock Path Skew:        -0.028ns (DCD - SCD + CPR)
    Destination Clock Delay (DCD):    4.775ns = ( 14.775 - 10.000 ) 
    Source Clock Delay      (SCD):    5.075ns
    Clock Pessimism Removal (CPR):    0.272ns
  Clock Uncertainty:      0.035ns  ((TSJ^2 + TIJ^2)^1/2 + DJ) / 2 + PE
    Total System Jitter     (TSJ):    0.071ns
    Total Input Jitter      (TIJ):    0.000ns
    Discrete Jitter          (DJ):    0.000ns
    Phase Error              (PE):    0.000ns

    Location             Delay type                Incr(ns)  Path(ns)    Netlist Resource(s)
  -------------------------------------------------------------------    -------------------
                         (clock sys_clk_pin rise edge)
                                                      0.000     0.000 r  
    W5                                                0.000     0.000 r  clk (IN)
                         net (fo=0)                   0.000     0.000    clk
    W5                   IBUF (Prop_ibuf_I_O)         1.458     1.458 r  clk_IBUF_inst/O
                         net (fo=1, routed)           1.967     3.425    clk_IBUF
    BUFGCTRL_X0Y0        BUFG (Prop_bufg_I_O)         0.096     3.521 r  clk_IBUF_BUFG_inst/O
                         net (fo=505, routed)         1.554     5.075    LANES_INST/L0/clk_IBUF_BUFG
    SLICE_X13Y61         FDCE                                         r  LANES_INST/L0/active_arr_reg[0]/C
  -------------------------------------------------------------------    -------------------
    SLICE_X13Y61         FDCE (Prop_fdce_C_Q)         0.456     5.531 r  LANES_INST/L0/active_arr_reg[0]/Q
                         net (fo=94, routed)          0.993     6.524    LANES_INST/L0/v0[0]
    SLICE_X12Y60         LUT5 (Prop_lut5_I3_O)        0.124     6.648 r  LANES_INST/L0/max_y2_carry_i_7__3/O
                         net (fo=1, routed)           0.000     6.648    JUDGES_INST/J0/S[1]
    SLICE_X12Y60         CARRY4 (Prop_carry4_S[1]_CO[3])
                                                      0.533     7.181 r  JUDGES_INST/J0/max_y2_carry/CO[3]
                         net (fo=1, routed)           0.000     7.181    JUDGES_INST/J0/max_y2_carry_n_0
    SLICE_X12Y61         CARRY4 (Prop_carry4_CI_CO[0])
                                                      0.254     7.435 r  JUDGES_INST/J0/max_y2_carry__0/CO[0]
                         net (fo=12, routed)          0.368     7.803    LANES_INST/L0/clear_lowest_reg[0]
    SLICE_X15Y61         LUT2 (Prop_lut2_I0_O)        0.367     8.170 r  LANES_INST/L0/clear_lowest_i_2/O
                         net (fo=20, routed)          0.626     8.795    LANES_INST/L0/clear_lowest_i_2_n_0
    SLICE_X14Y61         LUT6 (Prop_lut6_I4_O)        0.124     8.919 r  LANES_INST/L0/max_y2__4_carry_i_3/O
                         net (fo=1, routed)           0.337     9.256    JUDGES_INST/J0/max_y2__4_carry__0_0[1]
    SLICE_X12Y62         CARRY4 (Prop_carry4_DI[1]_CO[3])
                                                      0.520     9.776 r  JUDGES_INST/J0/max_y2__4_carry/CO[3]
                         net (fo=1, routed)           0.000     9.776    JUDGES_INST/J0/max_y2__4_carry_n_0
    SLICE_X12Y63         CARRY4 (Prop_carry4_CI_CO[0])
                                                      0.254    10.030 r  JUDGES_INST/J0/max_y2__4_carry__0/CO[0]
                         net (fo=1, routed)           0.341    10.372    LANES_INST/L0/clear_lowest_reg_1[0]
    SLICE_X13Y63         LUT2 (Prop_lut2_I0_O)        0.367    10.739 r  LANES_INST/L0/clear_lowest_i_4/O
                         net (fo=17, routed)          0.420    11.159    LANES_INST/L0/clear_lowest_i_4_n_0
    SLICE_X14Y64         LUT6 (Prop_lut6_I1_O)        0.124    11.283 r  LANES_INST/L0/idx2_carry_i_13/O
                         net (fo=2, routed)           0.564    11.847    LANES_INST/L0/idx2_carry_i_13_n_0
    SLICE_X13Y64         LUT4 (Prop_lut4_I0_O)        0.124    11.971 r  LANES_INST/L0/idx2_carry_i_7/O
                         net (fo=1, routed)           0.000    11.971    JUDGES_INST/J0/idx2_carry__0_1[1]
    SLICE_X13Y64         CARRY4 (Prop_carry4_S[1]_CO[3])
                                                      0.550    12.521 r  JUDGES_INST/J0/idx2_carry/CO[3]
                         net (fo=1, routed)           0.000    12.521    JUDGES_INST/J0/idx2_carry_n_0
    SLICE_X13Y65         CARRY4 (Prop_carry4_CI_CO[0])
                                                      0.271    12.792 r  JUDGES_INST/J0/idx2_carry__0/CO[0]
                         net (fo=14, routed)          0.562    13.355    LANES_INST/L0/clear_lowest_reg_0[0]
    SLICE_X13Y66         LUT4 (Prop_lut4_I1_O)        0.373    13.728 r  LANES_INST/L0/score_perfect_i_3/O
                         net (fo=3, routed)           0.811    14.538    LANES_INST/L0/score_perfect_i_3_n_0
    SLICE_X15Y66         LUT6 (Prop_lut6_I0_O)        0.124    14.662 r  LANES_INST/L0/score_good_i_3/O
                         net (fo=2, routed)           0.595    15.257    LANES_INST/L0/score_good_i_3_n_0
    SLICE_X15Y65         LUT6 (Prop_lut6_I1_O)        0.124    15.381 r  LANES_INST/L0/score_good_i_1/O
                         net (fo=1, routed)           0.000    15.381    JUDGES_INST/J0/score_good0_out
    SLICE_X15Y65         FDCE                                         r  JUDGES_INST/J0/score_good_reg/D
  -------------------------------------------------------------------    -------------------

                         (clock sys_clk_pin rise edge)
                                                     10.000    10.000 r  
    W5                                                0.000    10.000 r  clk (IN)
                         net (fo=0)                   0.000    10.000    clk
    W5                   IBUF (Prop_ibuf_I_O)         1.388    11.388 r  clk_IBUF_inst/O
                         net (fo=1, routed)           1.862    13.250    clk_IBUF
    BUFGCTRL_X0Y0        BUFG (Prop_bufg_I_O)         0.091    13.341 r  clk_IBUF_BUFG_inst/O
                         net (fo=505, routed)         1.434    14.775    JUDGES_INST/J0/clk_IBUF_BUFG
    SLICE_X15Y65         FDCE                                         r  JUDGES_INST/J0/score_good_reg/C
                         clock pessimism              0.272    15.047    
                         clock uncertainty           -0.035    15.012    
    SLICE_X15Y65         FDCE (Setup_fdce_C_D)        0.032    15.044    JUDGES_INST/J0/score_good_reg
  -------------------------------------------------------------------
                         required time                         15.044    
                         arrival time                         -15.381    
  -------------------------------------------------------------------
                         slack                                 -0.338    





Min Delay Paths
--------------------------------------------------------------------------------------
Slack (MET) :             0.102ns  (arrival time - required time)
  Source:                 frame_tick_reg/C
                            (rising edge-triggered cell FDRE clocked by sys_clk_pin  {rise@0.000ns fall@5.000ns period=10.000ns})
  Destination:            LANES_INST/L2/y_arr_reg[3][2]/D
                            (rising edge-triggered cell FDCE clocked by sys_clk_pin  {rise@0.000ns fall@5.000ns period=10.000ns})
  Path Group:             sys_clk_pin
  Path Type:              Hold (Min at Fast Process Corner)
  Requirement:            0.000ns  (sys_clk_pin rise@0.000ns - sys_clk_pin rise@0.000ns)
  Data Path Delay:        0.501ns  (logic 0.189ns (37.705%)  route 0.312ns (62.295%))
  Logic Levels:           1  (LUT5=1)
  Clock Path Skew:        0.268ns (DCD - SCD - CPR)
    Destination Clock Delay (DCD):    1.989ns
    Source Clock Delay      (SCD):    1.477ns
    Clock Pessimism Removal (CPR):    0.244ns

    Location             Delay type                Incr(ns)  Path(ns)    Netlist Resource(s)
  -------------------------------------------------------------------    -------------------
                         (clock sys_clk_pin rise edge)
                                                      0.000     0.000 r  
    W5                                                0.000     0.000 r  clk (IN)
                         net (fo=0)                   0.000     0.000    clk
    W5                   IBUF (Prop_ibuf_I_O)         0.226     0.226 r  clk_IBUF_inst/O
                         net (fo=1, routed)           0.631     0.858    clk_IBUF
    BUFGCTRL_X0Y0        BUFG (Prop_bufg_I_O)         0.026     0.884 r  clk_IBUF_BUFG_inst/O
                         net (fo=505, routed)         0.594     1.477    clk_IBUF_BUFG
    SLICE_X7Y47          FDRE                                         r  frame_tick_reg/C
  -------------------------------------------------------------------    -------------------
    SLICE_X7Y47          FDRE (Prop_fdre_C_Q)         0.141     1.618 f  frame_tick_reg/Q
                         net (fo=144, routed)         0.312     1.930    LANES_INST/L2/active_arr_reg[3]_0
    SLICE_X6Y54          LUT5 (Prop_lut5_I3_O)        0.048     1.978 r  LANES_INST/L2/y_arr[3][2]_i_1__1/O
                         net (fo=1, routed)           0.000     1.978    LANES_INST/L2/y_arr[3][2]_i_1__1_n_0
    SLICE_X6Y54          FDCE                                         r  LANES_INST/L2/y_arr_reg[3][2]/D
  -------------------------------------------------------------------    -------------------

                         (clock sys_clk_pin rise edge)
                                                      0.000     0.000 r  
    W5                                                0.000     0.000 r  clk (IN)
                         net (fo=0)                   0.000     0.000    clk
    W5                   IBUF (Prop_ibuf_I_O)         0.414     0.414 r  clk_IBUF_inst/O
                         net (fo=1, routed)           0.685     1.099    clk_IBUF
    BUFGCTRL_X0Y0        BUFG (Prop_bufg_I_O)         0.029     1.128 r  clk_IBUF_BUFG_inst/O
                         net (fo=505, routed)         0.861     1.989    LANES_INST/L2/clk_IBUF_BUFG
    SLICE_X6Y54          FDCE                                         r  LANES_INST/L2/y_arr_reg[3][2]/C
                         clock pessimism             -0.244     1.745    
    SLICE_X6Y54          FDCE (Hold_fdce_C_D)         0.131     1.876    LANES_INST/L2/y_arr_reg[3][2]
  -------------------------------------------------------------------
                         required time                         -1.876    
                         arrival time                           1.978    
  -------------------------------------------------------------------
                         slack                                  0.102    

Slack (MET) :             0.110ns  (arrival time - required time)
  Source:                 frame_tick_reg/C
                            (rising edge-triggered cell FDRE clocked by sys_clk_pin  {rise@0.000ns fall@5.000ns period=10.000ns})
  Destination:            LANES_INST/L2/y_arr_reg[3][1]/D
                            (rising edge-triggered cell FDCE clocked by sys_clk_pin  {rise@0.000ns fall@5.000ns period=10.000ns})
  Path Group:             sys_clk_pin
  Path Type:              Hold (Min at Fast Process Corner)
  Requirement:            0.000ns  (sys_clk_pin rise@0.000ns - sys_clk_pin rise@0.000ns)
  Data Path Delay:        0.498ns  (logic 0.186ns (37.330%)  route 0.312ns (62.670%))
  Logic Levels:           1  (LUT4=1)
  Clock Path Skew:        0.268ns (DCD - SCD - CPR)
    Destination Clock Delay (DCD):    1.989ns
    Source Clock Delay      (SCD):    1.477ns
    Clock Pessimism Removal (CPR):    0.244ns

    Location             Delay type                Incr(ns)  Path(ns)    Netlist Resource(s)
  -------------------------------------------------------------------    -------------------
                         (clock sys_clk_pin rise edge)
                                                      0.000     0.000 r  
    W5                                                0.000     0.000 r  clk (IN)
                         net (fo=0)                   0.000     0.000    clk
    W5                   IBUF (Prop_ibuf_I_O)         0.226     0.226 r  clk_IBUF_inst/O
                         net (fo=1, routed)           0.631     0.858    clk_IBUF
    BUFGCTRL_X0Y0        BUFG (Prop_bufg_I_O)         0.026     0.884 r  clk_IBUF_BUFG_inst/O
                         net (fo=505, routed)         0.594     1.477    clk_IBUF_BUFG
    SLICE_X7Y47          FDRE                                         r  frame_tick_reg/C
  -------------------------------------------------------------------    -------------------
    SLICE_X7Y47          FDRE (Prop_fdre_C_Q)         0.141     1.618 f  frame_tick_reg/Q
                         net (fo=144, routed)         0.312     1.930    LANES_INST/L2/active_arr_reg[3]_0
    SLICE_X6Y54          LUT4 (Prop_lut4_I2_O)        0.045     1.975 r  LANES_INST/L2/y_arr[3][1]_i_1__1/O
                         net (fo=1, routed)           0.000     1.975    LANES_INST/L2/y_arr[3][1]_i_1__1_n_0
    SLICE_X6Y54          FDCE                                         r  LANES_INST/L2/y_arr_reg[3][1]/D
  -------------------------------------------------------------------    -------------------

                         (clock sys_clk_pin rise edge)
                                                      0.000     0.000 r  
    W5                                                0.000     0.000 r  clk (IN)
                         net (fo=0)                   0.000     0.000    clk
    W5                   IBUF (Prop_ibuf_I_O)         0.414     0.414 r  clk_IBUF_inst/O
                         net (fo=1, routed)           0.685     1.099    clk_IBUF
    BUFGCTRL_X0Y0        BUFG (Prop_bufg_I_O)         0.029     1.128 r  clk_IBUF_BUFG_inst/O
                         net (fo=505, routed)         0.861     1.989    LANES_INST/L2/clk_IBUF_BUFG
    SLICE_X6Y54          FDCE                                         r  LANES_INST/L2/y_arr_reg[3][1]/C
                         clock pessimism             -0.244     1.745    
    SLICE_X6Y54          FDCE (Hold_fdce_C_D)         0.120     1.865    LANES_INST/L2/y_arr_reg[3][1]
  -------------------------------------------------------------------
                         required time                         -1.865    
                         arrival time                           1.975    
  -------------------------------------------------------------------
                         slack                                  0.110    

Slack (MET) :             0.122ns  (arrival time - required time)
  Source:                 frame_tick_reg/C
                            (rising edge-triggered cell FDRE clocked by sys_clk_pin  {rise@0.000ns fall@5.000ns period=10.000ns})
  Destination:            LANES_INST/L2/y_arr_reg[2][2]/D
                            (rising edge-triggered cell FDCE clocked by sys_clk_pin  {rise@0.000ns fall@5.000ns period=10.000ns})
  Path Group:             sys_clk_pin
  Path Type:              Hold (Min at Fast Process Corner)
  Requirement:            0.000ns  (sys_clk_pin rise@0.000ns - sys_clk_pin rise@0.000ns)
  Data Path Delay:        0.498ns  (logic 0.190ns (38.132%)  route 0.308ns (61.868%))
  Logic Levels:           1  (LUT5=1)
  Clock Path Skew:        0.269ns (DCD - SCD - CPR)
    Destination Clock Delay (DCD):    1.990ns
    Source Clock Delay      (SCD):    1.477ns
    Clock Pessimism Removal (CPR):    0.244ns

    Location             Delay type                Incr(ns)  Path(ns)    Netlist Resource(s)
  -------------------------------------------------------------------    -------------------
                         (clock sys_clk_pin rise edge)
                                                      0.000     0.000 r  
    W5                                                0.000     0.000 r  clk (IN)
                         net (fo=0)                   0.000     0.000    clk
    W5                   IBUF (Prop_ibuf_I_O)         0.226     0.226 r  clk_IBUF_inst/O
                         net (fo=1, routed)           0.631     0.858    clk_IBUF
    BUFGCTRL_X0Y0        BUFG (Prop_bufg_I_O)         0.026     0.884 r  clk_IBUF_BUFG_inst/O
                         net (fo=505, routed)         0.594     1.477    clk_IBUF_BUFG
    SLICE_X7Y47          FDRE                                         r  frame_tick_reg/C
  -------------------------------------------------------------------    -------------------
    SLICE_X7Y47          FDRE (Prop_fdre_C_Q)         0.141     1.618 f  frame_tick_reg/Q
                         net (fo=144, routed)         0.308     1.926    LANES_INST/L2/active_arr_reg[3]_0
    SLICE_X7Y52          LUT5 (Prop_lut5_I3_O)        0.049     1.975 r  LANES_INST/L2/y_arr[2][2]_i_1__1/O
                         net (fo=1, routed)           0.000     1.975    LANES_INST/L2/y_arr[2][2]_i_1__1_n_0
    SLICE_X7Y52          FDCE                                         r  LANES_INST/L2/y_arr_reg[2][2]/D
  -------------------------------------------------------------------    -------------------

                         (clock sys_clk_pin rise edge)
                                                      0.000     0.000 r  
    W5                                                0.000     0.000 r  clk (IN)
                         net (fo=0)                   0.000     0.000    clk
    W5                   IBUF (Prop_ibuf_I_O)         0.414     0.414 r  clk_IBUF_inst/O
                         net (fo=1, routed)           0.685     1.099    clk_IBUF
    BUFGCTRL_X0Y0        BUFG (Prop_bufg_I_O)         0.029     1.128 r  clk_IBUF_BUFG_inst/O
                         net (fo=505, routed)         0.863     1.990    LANES_INST/L2/clk_IBUF_BUFG
    SLICE_X7Y52          FDCE                                         r  LANES_INST/L2/y_arr_reg[2][2]/C
                         clock pessimism             -0.244     1.746    
    SLICE_X7Y52          FDCE (Hold_fdce_C_D)         0.107     1.853    LANES_INST/L2/y_arr_reg[2][2]
  -------------------------------------------------------------------
                         required time                         -1.853    
                         arrival time                           1.975    
  -------------------------------------------------------------------
                         slack                                  0.122    

Slack (MET) :             0.133ns  (arrival time - required time)
  Source:                 frame_tick_reg/C
                            (rising edge-triggered cell FDRE clocked by sys_clk_pin  {rise@0.000ns fall@5.000ns period=10.000ns})
  Destination:            LANES_INST/L2/y_arr_reg[2][1]/D
                            (rising edge-triggered cell FDCE clocked by sys_clk_pin  {rise@0.000ns fall@5.000ns period=10.000ns})
  Path Group:             sys_clk_pin
  Path Type:              Hold (Min at Fast Process Corner)
  Requirement:            0.000ns  (sys_clk_pin rise@0.000ns - sys_clk_pin rise@0.000ns)
  Data Path Delay:        0.494ns  (logic 0.186ns (37.632%)  route 0.308ns (62.368%))
  Logic Levels:           1  (LUT4=1)
  Clock Path Skew:        0.269ns (DCD - SCD - CPR)
    Destination Clock Delay (DCD):    1.990ns
    Source Clock Delay      (SCD):    1.477ns
    Clock Pessimism Removal (CPR):    0.244ns

    Location             Delay type                Incr(ns)  Path(ns)    Netlist Resource(s)
  -------------------------------------------------------------------    -------------------
                         (clock sys_clk_pin rise edge)
                                                      0.000     0.000 r  
    W5                                                0.000     0.000 r  clk (IN)
                         net (fo=0)                   0.000     0.000    clk
    W5                   IBUF (Prop_ibuf_I_O)         0.226     0.226 r  clk_IBUF_inst/O
                         net (fo=1, routed)           0.631     0.858    clk_IBUF
    BUFGCTRL_X0Y0        BUFG (Prop_bufg_I_O)         0.026     0.884 r  clk_IBUF_BUFG_inst/O
                         net (fo=505, routed)         0.594     1.477    clk_IBUF_BUFG
    SLICE_X7Y47          FDRE                                         r  frame_tick_reg/C
  -------------------------------------------------------------------    -------------------
    SLICE_X7Y47          FDRE (Prop_fdre_C_Q)         0.141     1.618 f  frame_tick_reg/Q
                         net (fo=144, routed)         0.308     1.926    LANES_INST/L2/active_arr_reg[3]_0
    SLICE_X7Y52          LUT4 (Prop_lut4_I2_O)        0.045     1.971 r  LANES_INST/L2/y_arr[2][1]_i_1__1/O
                         net (fo=1, routed)           0.000     1.971    LANES_INST/L2/y_arr[2][1]_i_1__1_n_0
    SLICE_X7Y52          FDCE                                         r  LANES_INST/L2/y_arr_reg[2][1]/D
  -------------------------------------------------------------------    -------------------

                         (clock sys_clk_pin rise edge)
                                                      0.000     0.000 r  
    W5                                                0.000     0.000 r  clk (IN)
                         net (fo=0)                   0.000     0.000    clk
    W5                   IBUF (Prop_ibuf_I_O)         0.414     0.414 r  clk_IBUF_inst/O
                         net (fo=1, routed)           0.685     1.099    clk_IBUF
    BUFGCTRL_X0Y0        BUFG (Prop_bufg_I_O)         0.029     1.128 r  clk_IBUF_BUFG_inst/O
                         net (fo=505, routed)         0.863     1.990    LANES_INST/L2/clk_IBUF_BUFG
    SLICE_X7Y52          FDCE                                         r  LANES_INST/L2/y_arr_reg[2][1]/C
                         clock pessimism             -0.244     1.746    
    SLICE_X7Y52          FDCE (Hold_fdce_C_D)         0.092     1.838    LANES_INST/L2/y_arr_reg[2][1]
  -------------------------------------------------------------------
                         required time                         -1.838    
                         arrival time                           1.971    
  -------------------------------------------------------------------
                         slack                                  0.133    

Slack (MET) :             0.171ns  (arrival time - required time)
  Source:                 frame_tick_reg/C
                            (rising edge-triggered cell FDRE clocked by sys_clk_pin  {rise@0.000ns fall@5.000ns period=10.000ns})
  Destination:            LANES_INST/L2/y_arr_reg[2][5]/D
                            (rising edge-triggered cell FDCE clocked by sys_clk_pin  {rise@0.000ns fall@5.000ns period=10.000ns})
  Path Group:             sys_clk_pin
  Path Type:              Hold (Min at Fast Process Corner)
  Requirement:            0.000ns  (sys_clk_pin rise@0.000ns - sys_clk_pin rise@0.000ns)
  Data Path Delay:        0.547ns  (logic 0.187ns (34.170%)  route 0.360ns (65.830%))
  Logic Levels:           1  (LUT4=1)
  Clock Path Skew:        0.269ns (DCD - SCD - CPR)
    Destination Clock Delay (DCD):    1.990ns
    Source Clock Delay      (SCD):    1.477ns
    Clock Pessimism Removal (CPR):    0.244ns

    Location             Delay type                Incr(ns)  Path(ns)    Netlist Resource(s)
  -------------------------------------------------------------------    -------------------
                         (clock sys_clk_pin rise edge)
                                                      0.000     0.000 r  
    W5                                                0.000     0.000 r  clk (IN)
                         net (fo=0)                   0.000     0.000    clk
    W5                   IBUF (Prop_ibuf_I_O)         0.226     0.226 r  clk_IBUF_inst/O
                         net (fo=1, routed)           0.631     0.858    clk_IBUF
    BUFGCTRL_X0Y0        BUFG (Prop_bufg_I_O)         0.026     0.884 r  clk_IBUF_BUFG_inst/O
                         net (fo=505, routed)         0.594     1.477    clk_IBUF_BUFG
    SLICE_X7Y47          FDRE                                         r  frame_tick_reg/C
  -------------------------------------------------------------------    -------------------
    SLICE_X7Y47          FDRE (Prop_fdre_C_Q)         0.141     1.618 f  frame_tick_reg/Q
                         net (fo=144, routed)         0.360     1.978    LANES_INST/L2/active_arr_reg[3]_0
    SLICE_X7Y52          LUT4 (Prop_lut4_I2_O)        0.046     2.024 r  LANES_INST/L2/y_arr[2][5]_i_1__1/O
                         net (fo=1, routed)           0.000     2.024    LANES_INST/L2/y_arr[2][5]_i_1__1_n_0
    SLICE_X7Y52          FDCE                                         r  LANES_INST/L2/y_arr_reg[2][5]/D
  -------------------------------------------------------------------    -------------------

                         (clock sys_clk_pin rise edge)
                                                      0.000     0.000 r  
    W5                                                0.000     0.000 r  clk (IN)
                         net (fo=0)                   0.000     0.000    clk
    W5                   IBUF (Prop_ibuf_I_O)         0.414     0.414 r  clk_IBUF_inst/O
                         net (fo=1, routed)           0.685     1.099    clk_IBUF
    BUFGCTRL_X0Y0        BUFG (Prop_bufg_I_O)         0.029     1.128 r  clk_IBUF_BUFG_inst/O
                         net (fo=505, routed)         0.863     1.990    LANES_INST/L2/clk_IBUF_BUFG
    SLICE_X7Y52          FDCE                                         r  LANES_INST/L2/y_arr_reg[2][5]/C
                         clock pessimism             -0.244     1.746    
    SLICE_X7Y52          FDCE (Hold_fdce_C_D)         0.107     1.853    LANES_INST/L2/y_arr_reg[2][5]
  -------------------------------------------------------------------
                         required time                         -1.853    
                         arrival time                           2.024    
  -------------------------------------------------------------------
                         slack                                  0.171    

Slack (MET) :             0.180ns  (arrival time - required time)
  Source:                 LANES_INST/L0/y_arr_reg[3][1]/C
                            (rising edge-triggered cell FDCE clocked by sys_clk_pin  {rise@0.000ns fall@5.000ns period=10.000ns})
  Destination:            LANES_INST/L0/y_arr_reg[3][3]/D
                            (rising edge-triggered cell FDCE clocked by sys_clk_pin  {rise@0.000ns fall@5.000ns period=10.000ns})
  Path Group:             sys_clk_pin
  Path Type:              Hold (Min at Fast Process Corner)
  Requirement:            0.000ns  (sys_clk_pin rise@0.000ns - sys_clk_pin rise@0.000ns)
  Data Path Delay:        0.314ns  (logic 0.186ns (59.329%)  route 0.128ns (40.671%))
  Logic Levels:           1  (LUT6=1)
  Clock Path Skew:        0.013ns (DCD - SCD - CPR)
    Destination Clock Delay (DCD):    1.956ns
    Source Clock Delay      (SCD):    1.443ns
    Clock Pessimism Removal (CPR):    0.500ns

    Location             Delay type                Incr(ns)  Path(ns)    Netlist Resource(s)
  -------------------------------------------------------------------    -------------------
                         (clock sys_clk_pin rise edge)
                                                      0.000     0.000 r  
    W5                                                0.000     0.000 r  clk (IN)
                         net (fo=0)                   0.000     0.000    clk
    W5                   IBUF (Prop_ibuf_I_O)         0.226     0.226 r  clk_IBUF_inst/O
                         net (fo=1, routed)           0.631     0.858    clk_IBUF
    BUFGCTRL_X0Y0        BUFG (Prop_bufg_I_O)         0.026     0.884 r  clk_IBUF_BUFG_inst/O
                         net (fo=505, routed)         0.560     1.443    LANES_INST/L0/clk_IBUF_BUFG
    SLICE_X11Y64         FDCE                                         r  LANES_INST/L0/y_arr_reg[3][1]/C
  -------------------------------------------------------------------    -------------------
    SLICE_X11Y64         FDCE (Prop_fdce_C_Q)         0.141     1.584 r  LANES_INST/L0/y_arr_reg[3][1]/Q
                         net (fo=18, routed)          0.128     1.712    LANES_INST/L0/y_arr_reg[3][9]_0[1]
    SLICE_X10Y64         LUT6 (Prop_lut6_I2_O)        0.045     1.757 r  LANES_INST/L0/y_arr[3][3]_i_1/O
                         net (fo=1, routed)           0.000     1.757    LANES_INST/L0/y_arr[3][3]_i_1_n_0
    SLICE_X10Y64         FDCE                                         r  LANES_INST/L0/y_arr_reg[3][3]/D
  -------------------------------------------------------------------    -------------------

                         (clock sys_clk_pin rise edge)
                                                      0.000     0.000 r  
    W5                                                0.000     0.000 r  clk (IN)
                         net (fo=0)                   0.000     0.000    clk
    W5                   IBUF (Prop_ibuf_I_O)         0.414     0.414 r  clk_IBUF_inst/O
                         net (fo=1, routed)           0.685     1.099    clk_IBUF
    BUFGCTRL_X0Y0        BUFG (Prop_bufg_I_O)         0.029     1.128 r  clk_IBUF_BUFG_inst/O
                         net (fo=505, routed)         0.828     1.956    LANES_INST/L0/clk_IBUF_BUFG
    SLICE_X10Y64         FDCE                                         r  LANES_INST/L0/y_arr_reg[3][3]/C
                         clock pessimism             -0.500     1.456    
    SLICE_X10Y64         FDCE (Hold_fdce_C_D)         0.121     1.577    LANES_INST/L0/y_arr_reg[3][3]
  -------------------------------------------------------------------
                         required time                         -1.577    
                         arrival time                           1.757    
  -------------------------------------------------------------------
                         slack                                  0.180    

Slack (MET) :             0.186ns  (arrival time - required time)
  Source:                 frame_tick_reg/C
                            (rising edge-triggered cell FDRE clocked by sys_clk_pin  {rise@0.000ns fall@5.000ns period=10.000ns})
  Destination:            LANES_INST/L2/y_arr_reg[2][0]/D
                            (rising edge-triggered cell FDCE clocked by sys_clk_pin  {rise@0.000ns fall@5.000ns period=10.000ns})
  Path Group:             sys_clk_pin
  Path Type:              Hold (Min at Fast Process Corner)
  Requirement:            0.000ns  (sys_clk_pin rise@0.000ns - sys_clk_pin rise@0.000ns)
  Data Path Delay:        0.546ns  (logic 0.186ns (34.049%)  route 0.360ns (65.951%))
  Logic Levels:           1  (LUT3=1)
  Clock Path Skew:        0.269ns (DCD - SCD - CPR)
    Destination Clock Delay (DCD):    1.990ns
    Source Clock Delay      (SCD):    1.477ns
    Clock Pessimism Removal (CPR):    0.244ns

    Location             Delay type                Incr(ns)  Path(ns)    Netlist Resource(s)
  -------------------------------------------------------------------    -------------------
                         (clock sys_clk_pin rise edge)
                                                      0.000     0.000 r  
    W5                                                0.000     0.000 r  clk (IN)
                         net (fo=0)                   0.000     0.000    clk
    W5                   IBUF (Prop_ibuf_I_O)         0.226     0.226 r  clk_IBUF_inst/O
                         net (fo=1, routed)           0.631     0.858    clk_IBUF
    BUFGCTRL_X0Y0        BUFG (Prop_bufg_I_O)         0.026     0.884 r  clk_IBUF_BUFG_inst/O
                         net (fo=505, routed)         0.594     1.477    clk_IBUF_BUFG
    SLICE_X7Y47          FDRE                                         r  frame_tick_reg/C
  -------------------------------------------------------------------    -------------------
    SLICE_X7Y47          FDRE (Prop_fdre_C_Q)         0.141     1.618 f  frame_tick_reg/Q
                         net (fo=144, routed)         0.360     1.978    LANES_INST/L2/active_arr_reg[3]_0
    SLICE_X7Y52          LUT3 (Prop_lut3_I1_O)        0.045     2.023 r  LANES_INST/L2/y_arr[2][0]_i_1__1/O
                         net (fo=1, routed)           0.000     2.023    LANES_INST/L2/y_arr[2][0]_i_1__1_n_0
    SLICE_X7Y52          FDCE                                         r  LANES_INST/L2/y_arr_reg[2][0]/D
  -------------------------------------------------------------------    -------------------

                         (clock sys_clk_pin rise edge)
                                                      0.000     0.000 r  
    W5                                                0.000     0.000 r  clk (IN)
                         net (fo=0)                   0.000     0.000    clk
    W5                   IBUF (Prop_ibuf_I_O)         0.414     0.414 r  clk_IBUF_inst/O
                         net (fo=1, routed)           0.685     1.099    clk_IBUF
    BUFGCTRL_X0Y0        BUFG (Prop_bufg_I_O)         0.029     1.128 r  clk_IBUF_BUFG_inst/O
                         net (fo=505, routed)         0.863     1.990    LANES_INST/L2/clk_IBUF_BUFG
    SLICE_X7Y52          FDCE                                         r  LANES_INST/L2/y_arr_reg[2][0]/C
                         clock pessimism             -0.244     1.746    
    SLICE_X7Y52          FDCE (Hold_fdce_C_D)         0.091     1.837    LANES_INST/L2/y_arr_reg[2][0]
  -------------------------------------------------------------------
                         required time                         -1.837    
                         arrival time                           2.023    
  -------------------------------------------------------------------
                         slack                                  0.186    

Slack (MET) :             0.198ns  (arrival time - required time)
  Source:                 UART_RX_INST/data_out_reg[3]/C
                            (rising edge-triggered cell FDRE clocked by sys_clk_pin  {rise@0.000ns fall@5.000ns period=10.000ns})
  Destination:            spawn_vec_reg[3]/D
                            (rising edge-triggered cell FDRE clocked by sys_clk_pin  {rise@0.000ns fall@5.000ns period=10.000ns})
  Path Group:             sys_clk_pin
  Path Type:              Hold (Min at Fast Process Corner)
  Requirement:            0.000ns  (sys_clk_pin rise@0.000ns - sys_clk_pin rise@0.000ns)
  Data Path Delay:        0.274ns  (logic 0.164ns (59.853%)  route 0.110ns (40.147%))
  Logic Levels:           0  
  Clock Path Skew:        0.013ns (DCD - SCD - CPR)
    Destination Clock Delay (DCD):    1.976ns
    Source Clock Delay      (SCD):    1.464ns
    Clock Pessimism Removal (CPR):    0.499ns

    Location             Delay type                Incr(ns)  Path(ns)    Netlist Resource(s)
  -------------------------------------------------------------------    -------------------
                         (clock sys_clk_pin rise edge)
                                                      0.000     0.000 r  
    W5                                                0.000     0.000 r  clk (IN)
                         net (fo=0)                   0.000     0.000    clk
    W5                   IBUF (Prop_ibuf_I_O)         0.226     0.226 r  clk_IBUF_inst/O
                         net (fo=1, routed)           0.631     0.858    clk_IBUF
    BUFGCTRL_X0Y0        BUFG (Prop_bufg_I_O)         0.026     0.884 r  clk_IBUF_BUFG_inst/O
                         net (fo=505, routed)         0.581     1.464    UART_RX_INST/clk_IBUF_BUFG
    SLICE_X6Y78          FDRE                                         r  UART_RX_INST/data_out_reg[3]/C
  -------------------------------------------------------------------    -------------------
    SLICE_X6Y78          FDRE (Prop_fdre_C_Q)         0.164     1.628 r  UART_RX_INST/data_out_reg[3]/Q
                         net (fo=1, routed)           0.110     1.738    uart_data[3]
    SLICE_X6Y77          FDRE                                         r  spawn_vec_reg[3]/D
  -------------------------------------------------------------------    -------------------

                         (clock sys_clk_pin rise edge)
                                                      0.000     0.000 r  
    W5                                                0.000     0.000 r  clk (IN)
                         net (fo=0)                   0.000     0.000    clk
    W5                   IBUF (Prop_ibuf_I_O)         0.414     0.414 r  clk_IBUF_inst/O
                         net (fo=1, routed)           0.685     1.099    clk_IBUF
    BUFGCTRL_X0Y0        BUFG (Prop_bufg_I_O)         0.029     1.128 r  clk_IBUF_BUFG_inst/O
                         net (fo=505, routed)         0.849     1.976    clk_IBUF_BUFG
    SLICE_X6Y77          FDRE                                         r  spawn_vec_reg[3]/C
                         clock pessimism             -0.499     1.477    
    SLICE_X6Y77          FDRE (Hold_fdre_C_D)         0.063     1.540    spawn_vec_reg[3]
  -------------------------------------------------------------------
                         required time                         -1.540    
                         arrival time                           1.738    
  -------------------------------------------------------------------
                         slack                                  0.198    

Slack (MET) :             0.202ns  (arrival time - required time)
  Source:                 UART_RX_INST/data_out_reg[1]/C
                            (rising edge-triggered cell FDRE clocked by sys_clk_pin  {rise@0.000ns fall@5.000ns period=10.000ns})
  Destination:            spawn_vec_reg[1]/D
                            (rising edge-triggered cell FDRE clocked by sys_clk_pin  {rise@0.000ns fall@5.000ns period=10.000ns})
  Path Group:             sys_clk_pin
  Path Type:              Hold (Min at Fast Process Corner)
  Requirement:            0.000ns  (sys_clk_pin rise@0.000ns - sys_clk_pin rise@0.000ns)
  Data Path Delay:        0.274ns  (logic 0.164ns (59.853%)  route 0.110ns (40.147%))
  Logic Levels:           0  
  Clock Path Skew:        0.013ns (DCD - SCD - CPR)
    Destination Clock Delay (DCD):    1.976ns
    Source Clock Delay      (SCD):    1.464ns
    Clock Pessimism Removal (CPR):    0.499ns

    Location             Delay type                Incr(ns)  Path(ns)    Netlist Resource(s)
  -------------------------------------------------------------------    -------------------
                         (clock sys_clk_pin rise edge)
                                                      0.000     0.000 r  
    W5                                                0.000     0.000 r  clk (IN)
                         net (fo=0)                   0.000     0.000    clk
    W5                   IBUF (Prop_ibuf_I_O)         0.226     0.226 r  clk_IBUF_inst/O
                         net (fo=1, routed)           0.631     0.858    clk_IBUF
    BUFGCTRL_X0Y0        BUFG (Prop_bufg_I_O)         0.026     0.884 r  clk_IBUF_BUFG_inst/O
                         net (fo=505, routed)         0.581     1.464    UART_RX_INST/clk_IBUF_BUFG
    SLICE_X6Y78          FDRE                                         r  UART_RX_INST/data_out_reg[1]/C
  -------------------------------------------------------------------    -------------------
    SLICE_X6Y78          FDRE (Prop_fdre_C_Q)         0.164     1.628 r  UART_RX_INST/data_out_reg[1]/Q
                         net (fo=1, routed)           0.110     1.738    uart_data[1]
    SLICE_X6Y77          FDRE                                         r  spawn_vec_reg[1]/D
  -------------------------------------------------------------------    -------------------

                         (clock sys_clk_pin rise edge)
                                                      0.000     0.000 r  
    W5                                                0.000     0.000 r  clk (IN)
                         net (fo=0)                   0.000     0.000    clk
    W5                   IBUF (Prop_ibuf_I_O)         0.414     0.414 r  clk_IBUF_inst/O
                         net (fo=1, routed)           0.685     1.099    clk_IBUF
    BUFGCTRL_X0Y0        BUFG (Prop_bufg_I_O)         0.029     1.128 r  clk_IBUF_BUFG_inst/O
                         net (fo=505, routed)         0.849     1.976    clk_IBUF_BUFG
    SLICE_X6Y77          FDRE                                         r  spawn_vec_reg[1]/C
                         clock pessimism             -0.499     1.477    
    SLICE_X6Y77          FDRE (Hold_fdre_C_D)         0.059     1.536    spawn_vec_reg[1]
  -------------------------------------------------------------------
                         required time                         -1.536    
                         arrival time                           1.738    
  -------------------------------------------------------------------
                         slack                                  0.202    

Slack (MET) :             0.205ns  (arrival time - required time)
  Source:                 DEB_M/flipflops_reg[1]/C
                            (rising edge-triggered cell FDRE clocked by sys_clk_pin  {rise@0.000ns fall@5.000ns period=10.000ns})
  Destination:            DEB_M/btn_out_reg/D
                            (rising edge-triggered cell FDRE clocked by sys_clk_pin  {rise@0.000ns fall@5.000ns period=10.000ns})
  Path Group:             sys_clk_pin
  Path Type:              Hold (Min at Fast Process Corner)
  Requirement:            0.000ns  (sys_clk_pin rise@0.000ns - sys_clk_pin rise@0.000ns)
  Data Path Delay:        0.296ns  (logic 0.227ns (76.736%)  route 0.069ns (23.264%))
  Logic Levels:           1  (LUT4=1)
  Clock Path Skew:        0.000ns (DCD - SCD - CPR)
    Destination Clock Delay (DCD):    1.975ns
    Source Clock Delay      (SCD):    1.463ns
    Clock Pessimism Removal (CPR):    0.512ns

    Location             Delay type                Incr(ns)  Path(ns)    Netlist Resource(s)
  -------------------------------------------------------------------    -------------------
                         (clock sys_clk_pin rise edge)
                                                      0.000     0.000 r  
    W5                                                0.000     0.000 r  clk (IN)
                         net (fo=0)                   0.000     0.000    clk
    W5                   IBUF (Prop_ibuf_I_O)         0.226     0.226 r  clk_IBUF_inst/O
                         net (fo=1, routed)           0.631     0.858    clk_IBUF
    BUFGCTRL_X0Y0        BUFG (Prop_bufg_I_O)         0.026     0.884 r  clk_IBUF_BUFG_inst/O
                         net (fo=505, routed)         0.580     1.463    DEB_M/clk_IBUF_BUFG
    SLICE_X1Y75          FDRE                                         r  DEB_M/flipflops_reg[1]/C
  -------------------------------------------------------------------    -------------------
    SLICE_X1Y75          FDRE (Prop_fdre_C_Q)         0.128     1.591 r  DEB_M/flipflops_reg[1]/Q
                         net (fo=2, routed)           0.069     1.660    DEB_M/p_0_in
    SLICE_X1Y75          LUT4 (Prop_lut4_I2_O)        0.099     1.759 r  DEB_M/btn_out_i_1__4/O
                         net (fo=1, routed)           0.000     1.759    DEB_M/btn_out_i_1__4_n_0
    SLICE_X1Y75          FDRE                                         r  DEB_M/btn_out_reg/D
  -------------------------------------------------------------------    -------------------

                         (clock sys_clk_pin rise edge)
                                                      0.000     0.000 r  
    W5                                                0.000     0.000 r  clk (IN)
                         net (fo=0)                   0.000     0.000    clk
    W5                   IBUF (Prop_ibuf_I_O)         0.414     0.414 r  clk_IBUF_inst/O
                         net (fo=1, routed)           0.685     1.099    clk_IBUF
    BUFGCTRL_X0Y0        BUFG (Prop_bufg_I_O)         0.029     1.128 r  clk_IBUF_BUFG_inst/O
                         net (fo=505, routed)         0.847     1.975    DEB_M/clk_IBUF_BUFG
    SLICE_X1Y75          FDRE                                         r  DEB_M/btn_out_reg/C
                         clock pessimism             -0.512     1.463    
    SLICE_X1Y75          FDRE (Hold_fdre_C_D)         0.091     1.554    DEB_M/btn_out_reg
  -------------------------------------------------------------------
                         required time                         -1.554    
                         arrival time                           1.759    
  -------------------------------------------------------------------
                         slack                                  0.205    





Pulse Width Checks
--------------------------------------------------------------------------------------
Clock Name:         sys_clk_pin
Waveform(ns):       { 0.000 5.000 }
Period(ns):         10.000
Sources:            { clk }

Check Type        Corner  Lib Pin  Reference Pin  Required(ns)  Actual(ns)  Slack(ns)  Location       Pin
Min Period        n/a     BUFG/I   n/a            2.155         10.000      7.845      BUFGCTRL_X0Y0  clk_IBUF_BUFG_inst/I
Min Period        n/a     FDRE/C   n/a            1.000         10.000      9.000      SLICE_X2Y79    clk_25_reg/C
Min Period        n/a     FDRE/C   n/a            1.000         10.000      9.000      SLICE_X2Y79    clk_div_cnt_reg[0]/C
Min Period        n/a     FDRE/C   n/a            1.000         10.000      9.000      SLICE_X7Y30    frame_counter_reg[0]/C
Min Period        n/a     FDRE/C   n/a            1.000         10.000      9.000      SLICE_X6Y32    frame_counter_reg[10]/C
Min Period        n/a     FDRE/C   n/a            1.000         10.000      9.000      SLICE_X6Y32    frame_counter_reg[11]/C
Min Period        n/a     FDRE/C   n/a            1.000         10.000      9.000      SLICE_X6Y32    frame_counter_reg[12]/C
Min Period        n/a     FDRE/C   n/a            1.000         10.000      9.000      SLICE_X6Y33    frame_counter_reg[13]/C
Min Period        n/a     FDRE/C   n/a            1.000         10.000      9.000      SLICE_X6Y33    frame_counter_reg[14]/C
Min Period        n/a     FDRE/C   n/a            1.000         10.000      9.000      SLICE_X6Y33    frame_counter_reg[15]/C
Low Pulse Width   Slow    FDRE/C   n/a            0.500         5.000       4.500      SLICE_X2Y79    clk_25_reg/C
Low Pulse Width   Fast    FDRE/C   n/a            0.500         5.000       4.500      SLICE_X2Y79    clk_25_reg/C
Low Pulse Width   Slow    FDRE/C   n/a            0.500         5.000       4.500      SLICE_X2Y79    clk_div_cnt_reg[0]/C
Low Pulse Width   Fast    FDRE/C   n/a            0.500         5.000       4.500      SLICE_X2Y79    clk_div_cnt_reg[0]/C
Low Pulse Width   Slow    FDRE/C   n/a            0.500         5.000       4.500      SLICE_X7Y30    frame_counter_reg[0]/C
Low Pulse Width   Fast    FDRE/C   n/a            0.500         5.000       4.500      SLICE_X7Y30    frame_counter_reg[0]/C
Low Pulse Width   Slow    FDRE/C   n/a            0.500         5.000       4.500      SLICE_X6Y32    frame_counter_reg[10]/C
Low Pulse Width   Fast    FDRE/C   n/a            0.500         5.000       4.500      SLICE_X6Y32    frame_counter_reg[10]/C
Low Pulse Width   Slow    FDRE/C   n/a            0.500         5.000       4.500      SLICE_X6Y32    frame_counter_reg[11]/C
Low Pulse Width   Fast    FDRE/C   n/a            0.500         5.000       4.500      SLICE_X6Y32    frame_counter_reg[11]/C
High Pulse Width  Slow    FDRE/C   n/a            0.500         5.000       4.500      SLICE_X2Y79    clk_25_reg/C
High Pulse Width  Fast    FDRE/C   n/a            0.500         5.000       4.500      SLICE_X2Y79    clk_25_reg/C
High Pulse Width  Slow    FDRE/C   n/a            0.500         5.000       4.500      SLICE_X2Y79    clk_div_cnt_reg[0]/C
High Pulse Width  Fast    FDRE/C   n/a            0.500         5.000       4.500      SLICE_X2Y79    clk_div_cnt_reg[0]/C
High Pulse Width  Slow    FDRE/C   n/a            0.500         5.000       4.500      SLICE_X7Y30    frame_counter_reg[0]/C
High Pulse Width  Fast    FDRE/C   n/a            0.500         5.000       4.500      SLICE_X7Y30    frame_counter_reg[0]/C
High Pulse Width  Slow    FDRE/C   n/a            0.500         5.000       4.500      SLICE_X6Y32    frame_counter_reg[10]/C
High Pulse Width  Fast    FDRE/C   n/a            0.500         5.000       4.500      SLICE_X6Y32    frame_counter_reg[10]/C
High Pulse Width  Slow    FDRE/C   n/a            0.500         5.000       4.500      SLICE_X6Y32    frame_counter_reg[11]/C
High Pulse Width  Fast    FDRE/C   n/a            0.500         5.000       4.500      SLICE_X6Y32    frame_counter_reg[11]/C



--------------------------------------------------------------------------------------
Path Group:  (none)
From Clock:  
  To Clock:  

Max Delay            44 Endpoints
Min Delay            44 Endpoints
--------------------------------------------------------------------------------------


Max Delay Paths
--------------------------------------------------------------------------------------
Slack:                    inf
  Source:                 VGA_SYNC_INST/v_count_reg_reg[3]/C
                            (rising edge-triggered cell FDRE)
  Destination:            vgaRed[3]
                            (output port)
  Path Group:             (none)
  Path Type:              Max at Slow Process Corner
  Data Path Delay:        18.311ns  (logic 5.965ns (32.579%)  route 12.345ns (67.421%))
  Logic Levels:           10  (CARRY4=2 FDRE=1 LUT4=2 LUT5=1 LUT6=3 OBUF=1)

    Location             Delay type                Incr(ns)  Path(ns)    Netlist Resource(s)
  -------------------------------------------------------------------    -------------------
    SLICE_X2Y76          FDRE                         0.000     0.000 r  VGA_SYNC_INST/v_count_reg_reg[3]/C
    SLICE_X2Y76          FDRE (Prop_fdre_C_Q)         0.478     0.478 r  VGA_SYNC_INST/v_count_reg_reg[3]/Q
                         net (fo=75, routed)          4.449     4.927    LANES_INST/L2/w_pixel_y[3]
    SLICE_X7Y53          LUT4 (Prop_lut4_I2_O)        0.295     5.222 r  LANES_INST/L2/vgaRed_OBUF[3]_inst_i_365/O
                         net (fo=1, routed)           0.000     5.222    VGA_SYNC_INST/vgaRed_OBUF[3]_inst_i_56_0[1]
    SLICE_X7Y53          CARRY4 (Prop_carry4_S[1]_CO[3])
                                                      0.550     5.772 r  VGA_SYNC_INST/vgaRed_OBUF[3]_inst_i_146/CO[3]
                         net (fo=1, routed)           0.000     5.772    VGA_SYNC_INST/vgaRed_OBUF[3]_inst_i_146_n_0
    SLICE_X7Y54          CARRY4 (Prop_carry4_CI_CO[0])
                                                      0.271     6.043 f  VGA_SYNC_INST/vgaRed_OBUF[3]_inst_i_56/CO[0]
                         net (fo=1, routed)           1.052     7.095    LANES_INST/L2/vgaRed_OBUF[3]_inst_i_23_2[0]
    SLICE_X8Y55          LUT6 (Prop_lut6_I5_O)        0.373     7.468 f  LANES_INST/L2/vgaRed_OBUF[3]_inst_i_33/O
                         net (fo=1, routed)           1.418     8.886    LANES_INST/L2/vgaRed_OBUF[3]_inst_i_33_n_0
    SLICE_X7Y77          LUT4 (Prop_lut4_I0_O)        0.124     9.010 f  LANES_INST/L2/vgaRed_OBUF[3]_inst_i_23/O
                         net (fo=1, routed)           0.151     9.161    LANES_INST/L3/vgaBlue_OBUF[3]_inst_i_3_0
    SLICE_X7Y77          LUT5 (Prop_lut5_I1_O)        0.124     9.285 r  LANES_INST/L3/vgaRed_OBUF[3]_inst_i_12/O
                         net (fo=2, routed)           0.813    10.098    VGA_SYNC_INST/vgaBlue_OBUF[1]_inst_i_1_0
    SLICE_X5Y77          LUT6 (Prop_lut6_I3_O)        0.124    10.222 r  VGA_SYNC_INST/vgaRed_OBUF[3]_inst_i_6/O
                         net (fo=2, routed)           0.975    11.197    VGA_SYNC_INST/vgaRed_OBUF[3]_inst_i_6_n_0
    SLICE_X3Y79          LUT6 (Prop_lut6_I5_O)        0.124    11.321 r  VGA_SYNC_INST/vgaRed_OBUF[3]_inst_i_1/O
                         net (fo=3, routed)           3.487    14.808    vgaRed_OBUF[0]
    N19                  OBUF (Prop_obuf_I_O)         3.502    18.311 r  vgaRed_OBUF[3]_inst/O
                         net (fo=0)                   0.000    18.311    vgaRed[3]
    N19                                                               r  vgaRed[3] (OUT)
  -------------------------------------------------------------------    -------------------

Slack:                    inf
  Source:                 VGA_SYNC_INST/v_count_reg_reg[3]/C
                            (rising edge-triggered cell FDRE)
  Destination:            vgaRed[2]
                            (output port)
  Path Group:             (none)
  Path Type:              Max at Slow Process Corner
  Data Path Delay:        18.130ns  (logic 5.987ns (33.023%)  route 12.143ns (66.977%))
  Logic Levels:           10  (CARRY4=2 FDRE=1 LUT4=2 LUT5=1 LUT6=3 OBUF=1)

    Location             Delay type                Incr(ns)  Path(ns)    Netlist Resource(s)
  -------------------------------------------------------------------    -------------------
    SLICE_X2Y76          FDRE                         0.000     0.000 r  VGA_SYNC_INST/v_count_reg_reg[3]/C
    SLICE_X2Y76          FDRE (Prop_fdre_C_Q)         0.478     0.478 r  VGA_SYNC_INST/v_count_reg_reg[3]/Q
                         net (fo=75, routed)          4.449     4.927    LANES_INST/L2/w_pixel_y[3]
    SLICE_X7Y53          LUT4 (Prop_lut4_I2_O)        0.295     5.222 r  LANES_INST/L2/vgaRed_OBUF[3]_inst_i_365/O
                         net (fo=1, routed)           0.000     5.222    VGA_SYNC_INST/vgaRed_OBUF[3]_inst_i_56_0[1]
    SLICE_X7Y53          CARRY4 (Prop_carry4_S[1]_CO[3])
                                                      0.550     5.772 r  VGA_SYNC_INST/vgaRed_OBUF[3]_inst_i_146/CO[3]
                         net (fo=1, routed)           0.000     5.772    VGA_SYNC_INST/vgaRed_OBUF[3]_inst_i_146_n_0
    SLICE_X7Y54          CARRY4 (Prop_carry4_CI_CO[0])
                                                      0.271     6.043 f  VGA_SYNC_INST/vgaRed_OBUF[3]_inst_i_56/CO[0]
                         net (fo=1, routed)           1.052     7.095    LANES_INST/L2/vgaRed_OBUF[3]_inst_i_23_2[0]
    SLICE_X8Y55          LUT6 (Prop_lut6_I5_O)        0.373     7.468 f  LANES_INST/L2/vgaRed_OBUF[3]_inst_i_33/O
                         net (fo=1, routed)           1.418     8.886    LANES_INST/L2/vgaRed_OBUF[3]_inst_i_33_n_0
    SLICE_X7Y77          LUT4 (Prop_lut4_I0_O)        0.124     9.010 f  LANES_INST/L2/vgaRed_OBUF[3]_inst_i_23/O
                         net (fo=1, routed)           0.151     9.161    LANES_INST/L3/vgaBlue_OBUF[3]_inst_i_3_0
    SLICE_X7Y77          LUT5 (Prop_lut5_I1_O)        0.124     9.285 r  LANES_INST/L3/vgaRed_OBUF[3]_inst_i_12/O
                         net (fo=2, routed)           0.813    10.098    VGA_SYNC_INST/vgaBlue_OBUF[1]_inst_i_1_0
    SLICE_X5Y77          LUT6 (Prop_lut6_I3_O)        0.124    10.222 r  VGA_SYNC_INST/vgaRed_OBUF[3]_inst_i_6/O
                         net (fo=2, routed)           0.975    11.197    VGA_SYNC_INST/vgaRed_OBUF[3]_inst_i_6_n_0
    SLICE_X3Y79          LUT6 (Prop_lut6_I5_O)        0.124    11.321 r  VGA_SYNC_INST/vgaRed_OBUF[3]_inst_i_1/O
                         net (fo=3, routed)           3.284    14.606    vgaRed_OBUF[0]
    J19                  OBUF (Prop_obuf_I_O)         3.524    18.130 r  vgaRed_OBUF[2]_inst/O
                         net (fo=0)                   0.000    18.130    vgaRed[2]
    J19                                                               r  vgaRed[2] (OUT)
  -------------------------------------------------------------------    -------------------

Slack:                    inf
  Source:                 VGA_SYNC_INST/v_count_reg_reg[3]/C
                            (rising edge-triggered cell FDRE)
  Destination:            vgaRed[1]
                            (output port)
  Path Group:             (none)
  Path Type:              Max at Slow Process Corner
  Data Path Delay:        17.912ns  (logic 5.982ns (33.398%)  route 11.930ns (66.602%))
  Logic Levels:           10  (CARRY4=2 FDRE=1 LUT4=2 LUT5=1 LUT6=3 OBUF=1)

    Location             Delay type                Incr(ns)  Path(ns)    Netlist Resource(s)
  -------------------------------------------------------------------    -------------------
    SLICE_X2Y76          FDRE                         0.000     0.000 r  VGA_SYNC_INST/v_count_reg_reg[3]/C
    SLICE_X2Y76          FDRE (Prop_fdre_C_Q)         0.478     0.478 r  VGA_SYNC_INST/v_count_reg_reg[3]/Q
                         net (fo=75, routed)          4.449     4.927    LANES_INST/L2/w_pixel_y[3]
    SLICE_X7Y53          LUT4 (Prop_lut4_I2_O)        0.295     5.222 r  LANES_INST/L2/vgaRed_OBUF[3]_inst_i_365/O
                         net (fo=1, routed)           0.000     5.222    VGA_SYNC_INST/vgaRed_OBUF[3]_inst_i_56_0[1]
    SLICE_X7Y53          CARRY4 (Prop_carry4_S[1]_CO[3])
                                                      0.550     5.772 r  VGA_SYNC_INST/vgaRed_OBUF[3]_inst_i_146/CO[3]
                         net (fo=1, routed)           0.000     5.772    VGA_SYNC_INST/vgaRed_OBUF[3]_inst_i_146_n_0
    SLICE_X7Y54          CARRY4 (Prop_carry4_CI_CO[0])
                                                      0.271     6.043 f  VGA_SYNC_INST/vgaRed_OBUF[3]_inst_i_56/CO[0]
                         net (fo=1, routed)           1.052     7.095    LANES_INST/L2/vgaRed_OBUF[3]_inst_i_23_2[0]
    SLICE_X8Y55          LUT6 (Prop_lut6_I5_O)        0.373     7.468 f  LANES_INST/L2/vgaRed_OBUF[3]_inst_i_33/O
                         net (fo=1, routed)           1.418     8.886    LANES_INST/L2/vgaRed_OBUF[3]_inst_i_33_n_0
    SLICE_X7Y77          LUT4 (Prop_lut4_I0_O)        0.124     9.010 f  LANES_INST/L2/vgaRed_OBUF[3]_inst_i_23/O
                         net (fo=1, routed)           0.151     9.161    LANES_INST/L3/vgaBlue_OBUF[3]_inst_i_3_0
    SLICE_X7Y77          LUT5 (Prop_lut5_I1_O)        0.124     9.285 r  LANES_INST/L3/vgaRed_OBUF[3]_inst_i_12/O
                         net (fo=2, routed)           0.813    10.098    VGA_SYNC_INST/vgaBlue_OBUF[1]_inst_i_1_0
    SLICE_X5Y77          LUT6 (Prop_lut6_I3_O)        0.124    10.222 r  VGA_SYNC_INST/vgaRed_OBUF[3]_inst_i_6/O
                         net (fo=2, routed)           0.973    11.195    VGA_SYNC_INST/vgaRed_OBUF[3]_inst_i_6_n_0
    SLICE_X3Y79          LUT6 (Prop_lut6_I0_O)        0.124    11.319 r  VGA_SYNC_INST/vgaRed_OBUF[1]_inst_i_1/O
                         net (fo=1, routed)           3.074    14.393    vgaRed_OBUF[1]
    H19                  OBUF (Prop_obuf_I_O)         3.519    17.912 r  vgaRed_OBUF[1]_inst/O
                         net (fo=0)                   0.000    17.912    vgaRed[1]
    H19                                                               r  vgaRed[1] (OUT)
  -------------------------------------------------------------------    -------------------

Slack:                    inf
  Source:                 VGA_SYNC_INST/v_count_reg_reg[3]/C
                            (rising edge-triggered cell FDRE)
  Destination:            vgaRed[0]
                            (output port)
  Path Group:             (none)
  Path Type:              Max at Slow Process Corner
  Data Path Delay:        17.835ns  (logic 5.987ns (33.567%)  route 11.849ns (66.433%))
  Logic Levels:           10  (CARRY4=2 FDRE=1 LUT4=2 LUT5=1 LUT6=3 OBUF=1)

    Location             Delay type                Incr(ns)  Path(ns)    Netlist Resource(s)
  -------------------------------------------------------------------    -------------------
    SLICE_X2Y76          FDRE                         0.000     0.000 r  VGA_SYNC_INST/v_count_reg_reg[3]/C
    SLICE_X2Y76          FDRE (Prop_fdre_C_Q)         0.478     0.478 r  VGA_SYNC_INST/v_count_reg_reg[3]/Q
                         net (fo=75, routed)          4.449     4.927    LANES_INST/L2/w_pixel_y[3]
    SLICE_X7Y53          LUT4 (Prop_lut4_I2_O)        0.295     5.222 r  LANES_INST/L2/vgaRed_OBUF[3]_inst_i_365/O
                         net (fo=1, routed)           0.000     5.222    VGA_SYNC_INST/vgaRed_OBUF[3]_inst_i_56_0[1]
    SLICE_X7Y53          CARRY4 (Prop_carry4_S[1]_CO[3])
                                                      0.550     5.772 r  VGA_SYNC_INST/vgaRed_OBUF[3]_inst_i_146/CO[3]
                         net (fo=1, routed)           0.000     5.772    VGA_SYNC_INST/vgaRed_OBUF[3]_inst_i_146_n_0
    SLICE_X7Y54          CARRY4 (Prop_carry4_CI_CO[0])
                                                      0.271     6.043 f  VGA_SYNC_INST/vgaRed_OBUF[3]_inst_i_56/CO[0]
                         net (fo=1, routed)           1.052     7.095    LANES_INST/L2/vgaRed_OBUF[3]_inst_i_23_2[0]
    SLICE_X8Y55          LUT6 (Prop_lut6_I5_O)        0.373     7.468 f  LANES_INST/L2/vgaRed_OBUF[3]_inst_i_33/O
                         net (fo=1, routed)           1.418     8.886    LANES_INST/L2/vgaRed_OBUF[3]_inst_i_33_n_0
    SLICE_X7Y77          LUT4 (Prop_lut4_I0_O)        0.124     9.010 f  LANES_INST/L2/vgaRed_OBUF[3]_inst_i_23/O
                         net (fo=1, routed)           0.151     9.161    LANES_INST/L3/vgaBlue_OBUF[3]_inst_i_3_0
    SLICE_X7Y77          LUT5 (Prop_lut5_I1_O)        0.124     9.285 r  LANES_INST/L3/vgaRed_OBUF[3]_inst_i_12/O
                         net (fo=2, routed)           0.813    10.098    VGA_SYNC_INST/vgaBlue_OBUF[1]_inst_i_1_0
    SLICE_X5Y77          LUT6 (Prop_lut6_I3_O)        0.124    10.222 r  VGA_SYNC_INST/vgaRed_OBUF[3]_inst_i_6/O
                         net (fo=2, routed)           0.975    11.197    VGA_SYNC_INST/vgaRed_OBUF[3]_inst_i_6_n_0
    SLICE_X3Y79          LUT6 (Prop_lut6_I5_O)        0.124    11.321 r  VGA_SYNC_INST/vgaRed_OBUF[3]_inst_i_1/O
                         net (fo=3, routed)           2.990    14.312    vgaRed_OBUF[0]
    G19                  OBUF (Prop_obuf_I_O)         3.524    17.835 r  vgaRed_OBUF[0]_inst/O
                         net (fo=0)                   0.000    17.835    vgaRed[0]
    G19                                                               r  vgaRed[0] (OUT)
  -------------------------------------------------------------------    -------------------

Slack:                    inf
  Source:                 VGA_SYNC_INST/v_count_reg_reg[3]/C
                            (rising edge-triggered cell FDRE)
  Destination:            vgaGreen[0]
                            (output port)
  Path Group:             (none)
  Path Type:              Max at Slow Process Corner
  Data Path Delay:        17.763ns  (logic 5.984ns (33.688%)  route 11.779ns (66.312%))
  Logic Levels:           10  (CARRY4=2 FDRE=1 LUT4=2 LUT5=1 LUT6=3 OBUF=1)

    Location             Delay type                Incr(ns)  Path(ns)    Netlist Resource(s)
  -------------------------------------------------------------------    -------------------
    SLICE_X2Y76          FDRE                         0.000     0.000 r  VGA_SYNC_INST/v_count_reg_reg[3]/C
    SLICE_X2Y76          FDRE (Prop_fdre_C_Q)         0.478     0.478 r  VGA_SYNC_INST/v_count_reg_reg[3]/Q
                         net (fo=75, routed)          4.449     4.927    LANES_INST/L2/w_pixel_y[3]
    SLICE_X7Y53          LUT4 (Prop_lut4_I2_O)        0.295     5.222 r  LANES_INST/L2/vgaRed_OBUF[3]_inst_i_365/O
                         net (fo=1, routed)           0.000     5.222    VGA_SYNC_INST/vgaRed_OBUF[3]_inst_i_56_0[1]
    SLICE_X7Y53          CARRY4 (Prop_carry4_S[1]_CO[3])
                                                      0.550     5.772 r  VGA_SYNC_INST/vgaRed_OBUF[3]_inst_i_146/CO[3]
                         net (fo=1, routed)           0.000     5.772    VGA_SYNC_INST/vgaRed_OBUF[3]_inst_i_146_n_0
    SLICE_X7Y54          CARRY4 (Prop_carry4_CI_CO[0])
                                                      0.271     6.043 f  VGA_SYNC_INST/vgaRed_OBUF[3]_inst_i_56/CO[0]
                         net (fo=1, routed)           1.052     7.095    LANES_INST/L2/vgaRed_OBUF[3]_inst_i_23_2[0]
    SLICE_X8Y55          LUT6 (Prop_lut6_I5_O)        0.373     7.468 f  LANES_INST/L2/vgaRed_OBUF[3]_inst_i_33/O
                         net (fo=1, routed)           1.418     8.886    LANES_INST/L2/vgaRed_OBUF[3]_inst_i_33_n_0
    SLICE_X7Y77          LUT4 (Prop_lut4_I0_O)        0.124     9.010 f  LANES_INST/L2/vgaRed_OBUF[3]_inst_i_23/O
                         net (fo=1, routed)           0.151     9.161    LANES_INST/L3/vgaBlue_OBUF[3]_inst_i_3_0
    SLICE_X7Y77          LUT5 (Prop_lut5_I1_O)        0.124     9.285 r  LANES_INST/L3/vgaRed_OBUF[3]_inst_i_12/O
                         net (fo=2, routed)           0.403     9.688    VGA_SYNC_INST/vgaBlue_OBUF[1]_inst_i_1_0
    SLICE_X5Y77          LUT6 (Prop_lut6_I3_O)        0.124     9.812 f  VGA_SYNC_INST/vgaBlue_OBUF[3]_inst_i_3/O
                         net (fo=6, routed)           0.884    10.696    VGA_SYNC_INST/vgaBlue_OBUF[3]_inst_i_3_n_0
    SLICE_X2Y78          LUT6 (Prop_lut6_I5_O)        0.124    10.820 r  VGA_SYNC_INST/vgaGreen_OBUF[2]_inst_i_1/O
                         net (fo=2, routed)           3.421    14.242    vgaGreen_OBUF[0]
    J17                  OBUF (Prop_obuf_I_O)         3.521    17.763 r  vgaGreen_OBUF[0]_inst/O
                         net (fo=0)                   0.000    17.763    vgaGreen[0]
    J17                                                               r  vgaGreen[0] (OUT)
  -------------------------------------------------------------------    -------------------

Slack:                    inf
  Source:                 VGA_SYNC_INST/v_count_reg_reg[3]/C
                            (rising edge-triggered cell FDRE)
  Destination:            vgaBlue[3]
                            (output port)
  Path Group:             (none)
  Path Type:              Max at Slow Process Corner
  Data Path Delay:        17.556ns  (logic 5.988ns (34.106%)  route 11.568ns (65.894%))
  Logic Levels:           10  (CARRY4=2 FDRE=1 LUT4=2 LUT5=1 LUT6=3 OBUF=1)

    Location             Delay type                Incr(ns)  Path(ns)    Netlist Resource(s)
  -------------------------------------------------------------------    -------------------
    SLICE_X2Y76          FDRE                         0.000     0.000 r  VGA_SYNC_INST/v_count_reg_reg[3]/C
    SLICE_X2Y76          FDRE (Prop_fdre_C_Q)         0.478     0.478 r  VGA_SYNC_INST/v_count_reg_reg[3]/Q
                         net (fo=75, routed)          4.449     4.927    LANES_INST/L2/w_pixel_y[3]
    SLICE_X7Y53          LUT4 (Prop_lut4_I2_O)        0.295     5.222 r  LANES_INST/L2/vgaRed_OBUF[3]_inst_i_365/O
                         net (fo=1, routed)           0.000     5.222    VGA_SYNC_INST/vgaRed_OBUF[3]_inst_i_56_0[1]
    SLICE_X7Y53          CARRY4 (Prop_carry4_S[1]_CO[3])
                                                      0.550     5.772 r  VGA_SYNC_INST/vgaRed_OBUF[3]_inst_i_146/CO[3]
                         net (fo=1, routed)           0.000     5.772    VGA_SYNC_INST/vgaRed_OBUF[3]_inst_i_146_n_0
    SLICE_X7Y54          CARRY4 (Prop_carry4_CI_CO[0])
                                                      0.271     6.043 f  VGA_SYNC_INST/vgaRed_OBUF[3]_inst_i_56/CO[0]
                         net (fo=1, routed)           1.052     7.095    LANES_INST/L2/vgaRed_OBUF[3]_inst_i_23_2[0]
    SLICE_X8Y55          LUT6 (Prop_lut6_I5_O)        0.373     7.468 f  LANES_INST/L2/vgaRed_OBUF[3]_inst_i_33/O
                         net (fo=1, routed)           1.418     8.886    LANES_INST/L2/vgaRed_OBUF[3]_inst_i_33_n_0
    SLICE_X7Y77          LUT4 (Prop_lut4_I0_O)        0.124     9.010 f  LANES_INST/L2/vgaRed_OBUF[3]_inst_i_23/O
                         net (fo=1, routed)           0.151     9.161    LANES_INST/L3/vgaBlue_OBUF[3]_inst_i_3_0
    SLICE_X7Y77          LUT5 (Prop_lut5_I1_O)        0.124     9.285 r  LANES_INST/L3/vgaRed_OBUF[3]_inst_i_12/O
                         net (fo=2, routed)           0.403     9.688    VGA_SYNC_INST/vgaBlue_OBUF[1]_inst_i_1_0
    SLICE_X5Y77          LUT6 (Prop_lut6_I3_O)        0.124     9.812 f  VGA_SYNC_INST/vgaBlue_OBUF[3]_inst_i_3/O
                         net (fo=6, routed)           0.784    10.596    VGA_SYNC_INST/vgaBlue_OBUF[3]_inst_i_3_n_0
    SLICE_X3Y78          LUT6 (Prop_lut6_I5_O)        0.124    10.720 r  VGA_SYNC_INST/vgaBlue_OBUF[3]_inst_i_1/O
                         net (fo=1, routed)           3.311    14.031    vgaBlue_OBUF[3]
    J18                  OBUF (Prop_obuf_I_O)         3.525    17.556 r  vgaBlue_OBUF[3]_inst/O
                         net (fo=0)                   0.000    17.556    vgaBlue[3]
    J18                                                               r  vgaBlue[3] (OUT)
  -------------------------------------------------------------------    -------------------

Slack:                    inf
  Source:                 VGA_SYNC_INST/v_count_reg_reg[3]/C
                            (rising edge-triggered cell FDRE)
  Destination:            vgaBlue[2]
                            (output port)
  Path Group:             (none)
  Path Type:              Max at Slow Process Corner
  Data Path Delay:        17.515ns  (logic 5.982ns (34.152%)  route 11.533ns (65.848%))
  Logic Levels:           10  (CARRY4=2 FDRE=1 LUT4=2 LUT5=1 LUT6=3 OBUF=1)

    Location             Delay type                Incr(ns)  Path(ns)    Netlist Resource(s)
  -------------------------------------------------------------------    -------------------
    SLICE_X2Y76          FDRE                         0.000     0.000 r  VGA_SYNC_INST/v_count_reg_reg[3]/C
    SLICE_X2Y76          FDRE (Prop_fdre_C_Q)         0.478     0.478 r  VGA_SYNC_INST/v_count_reg_reg[3]/Q
                         net (fo=75, routed)          4.449     4.927    LANES_INST/L2/w_pixel_y[3]
    SLICE_X7Y53          LUT4 (Prop_lut4_I2_O)        0.295     5.222 r  LANES_INST/L2/vgaRed_OBUF[3]_inst_i_365/O
                         net (fo=1, routed)           0.000     5.222    VGA_SYNC_INST/vgaRed_OBUF[3]_inst_i_56_0[1]
    SLICE_X7Y53          CARRY4 (Prop_carry4_S[1]_CO[3])
                                                      0.550     5.772 r  VGA_SYNC_INST/vgaRed_OBUF[3]_inst_i_146/CO[3]
                         net (fo=1, routed)           0.000     5.772    VGA_SYNC_INST/vgaRed_OBUF[3]_inst_i_146_n_0
    SLICE_X7Y54          CARRY4 (Prop_carry4_CI_CO[0])
                                                      0.271     6.043 f  VGA_SYNC_INST/vgaRed_OBUF[3]_inst_i_56/CO[0]
                         net (fo=1, routed)           1.052     7.095    LANES_INST/L2/vgaRed_OBUF[3]_inst_i_23_2[0]
    SLICE_X8Y55          LUT6 (Prop_lut6_I5_O)        0.373     7.468 f  LANES_INST/L2/vgaRed_OBUF[3]_inst_i_33/O
                         net (fo=1, routed)           1.418     8.886    LANES_INST/L2/vgaRed_OBUF[3]_inst_i_33_n_0
    SLICE_X7Y77          LUT4 (Prop_lut4_I0_O)        0.124     9.010 f  LANES_INST/L2/vgaRed_OBUF[3]_inst_i_23/O
                         net (fo=1, routed)           0.151     9.161    LANES_INST/L3/vgaBlue_OBUF[3]_inst_i_3_0
    SLICE_X7Y77          LUT5 (Prop_lut5_I1_O)        0.124     9.285 r  LANES_INST/L3/vgaRed_OBUF[3]_inst_i_12/O
                         net (fo=2, routed)           0.403     9.688    VGA_SYNC_INST/vgaBlue_OBUF[1]_inst_i_1_0
    SLICE_X5Y77          LUT6 (Prop_lut6_I3_O)        0.124     9.812 f  VGA_SYNC_INST/vgaBlue_OBUF[3]_inst_i_3/O
                         net (fo=6, routed)           0.712    10.524    VGA_SYNC_INST/vgaBlue_OBUF[3]_inst_i_3_n_0
    SLICE_X3Y78          LUT6 (Prop_lut6_I5_O)        0.124    10.648 r  VGA_SYNC_INST/vgaBlue_OBUF[2]_inst_i_1/O
                         net (fo=2, routed)           3.348    13.996    vgaBlue_OBUF[0]
    K18                  OBUF (Prop_obuf_I_O)         3.519    17.515 r  vgaBlue_OBUF[2]_inst/O
                         net (fo=0)                   0.000    17.515    vgaBlue[2]
    K18                                                               r  vgaBlue[2] (OUT)
  -------------------------------------------------------------------    -------------------

Slack:                    inf
  Source:                 VGA_SYNC_INST/v_count_reg_reg[3]/C
                            (rising edge-triggered cell FDRE)
  Destination:            vgaGreen[2]
                            (output port)
  Path Group:             (none)
  Path Type:              Max at Slow Process Corner
  Data Path Delay:        17.486ns  (logic 5.992ns (34.268%)  route 11.494ns (65.731%))
  Logic Levels:           10  (CARRY4=2 FDRE=1 LUT4=2 LUT5=1 LUT6=3 OBUF=1)

    Location             Delay type                Incr(ns)  Path(ns)    Netlist Resource(s)
  -------------------------------------------------------------------    -------------------
    SLICE_X2Y76          FDRE                         0.000     0.000 r  VGA_SYNC_INST/v_count_reg_reg[3]/C
    SLICE_X2Y76          FDRE (Prop_fdre_C_Q)         0.478     0.478 r  VGA_SYNC_INST/v_count_reg_reg[3]/Q
                         net (fo=75, routed)          4.449     4.927    LANES_INST/L2/w_pixel_y[3]
    SLICE_X7Y53          LUT4 (Prop_lut4_I2_O)        0.295     5.222 r  LANES_INST/L2/vgaRed_OBUF[3]_inst_i_365/O
                         net (fo=1, routed)           0.000     5.222    VGA_SYNC_INST/vgaRed_OBUF[3]_inst_i_56_0[1]
    SLICE_X7Y53          CARRY4 (Prop_carry4_S[1]_CO[3])
                                                      0.550     5.772 r  VGA_SYNC_INST/vgaRed_OBUF[3]_inst_i_146/CO[3]
                         net (fo=1, routed)           0.000     5.772    VGA_SYNC_INST/vgaRed_OBUF[3]_inst_i_146_n_0
    SLICE_X7Y54          CARRY4 (Prop_carry4_CI_CO[0])
                                                      0.271     6.043 f  VGA_SYNC_INST/vgaRed_OBUF[3]_inst_i_56/CO[0]
                         net (fo=1, routed)           1.052     7.095    LANES_INST/L2/vgaRed_OBUF[3]_inst_i_23_2[0]
    SLICE_X8Y55          LUT6 (Prop_lut6_I5_O)        0.373     7.468 f  LANES_INST/L2/vgaRed_OBUF[3]_inst_i_33/O
                         net (fo=1, routed)           1.418     8.886    LANES_INST/L2/vgaRed_OBUF[3]_inst_i_33_n_0
    SLICE_X7Y77          LUT4 (Prop_lut4_I0_O)        0.124     9.010 f  LANES_INST/L2/vgaRed_OBUF[3]_inst_i_23/O
                         net (fo=1, routed)           0.151     9.161    LANES_INST/L3/vgaBlue_OBUF[3]_inst_i_3_0
    SLICE_X7Y77          LUT5 (Prop_lut5_I1_O)        0.124     9.285 r  LANES_INST/L3/vgaRed_OBUF[3]_inst_i_12/O
                         net (fo=2, routed)           0.403     9.688    VGA_SYNC_INST/vgaBlue_OBUF[1]_inst_i_1_0
    SLICE_X5Y77          LUT6 (Prop_lut6_I3_O)        0.124     9.812 f  VGA_SYNC_INST/vgaBlue_OBUF[3]_inst_i_3/O
                         net (fo=6, routed)           0.884    10.696    VGA_SYNC_INST/vgaBlue_OBUF[3]_inst_i_3_n_0
    SLICE_X2Y78          LUT6 (Prop_lut6_I5_O)        0.124    10.820 r  VGA_SYNC_INST/vgaGreen_OBUF[2]_inst_i_1/O
                         net (fo=2, routed)           3.136    13.957    vgaGreen_OBUF[0]
    G17                  OBUF (Prop_obuf_I_O)         3.529    17.486 r  vgaGreen_OBUF[2]_inst/O
                         net (fo=0)                   0.000    17.486    vgaGreen[2]
    G17                                                               r  vgaGreen[2] (OUT)
  -------------------------------------------------------------------    -------------------

Slack:                    inf
  Source:                 VGA_SYNC_INST/v_count_reg_reg[3]/C
                            (rising edge-triggered cell FDRE)
  Destination:            vgaBlue[0]
                            (output port)
  Path Group:             (none)
  Path Type:              Max at Slow Process Corner
  Data Path Delay:        17.350ns  (logic 5.958ns (34.341%)  route 11.392ns (65.659%))
  Logic Levels:           10  (CARRY4=2 FDRE=1 LUT4=2 LUT5=1 LUT6=3 OBUF=1)

    Location             Delay type                Incr(ns)  Path(ns)    Netlist Resource(s)
  -------------------------------------------------------------------    -------------------
    SLICE_X2Y76          FDRE                         0.000     0.000 r  VGA_SYNC_INST/v_count_reg_reg[3]/C
    SLICE_X2Y76          FDRE (Prop_fdre_C_Q)         0.478     0.478 r  VGA_SYNC_INST/v_count_reg_reg[3]/Q
                         net (fo=75, routed)          4.449     4.927    LANES_INST/L2/w_pixel_y[3]
    SLICE_X7Y53          LUT4 (Prop_lut4_I2_O)        0.295     5.222 r  LANES_INST/L2/vgaRed_OBUF[3]_inst_i_365/O
                         net (fo=1, routed)           0.000     5.222    VGA_SYNC_INST/vgaRed_OBUF[3]_inst_i_56_0[1]
    SLICE_X7Y53          CARRY4 (Prop_carry4_S[1]_CO[3])
                                                      0.550     5.772 r  VGA_SYNC_INST/vgaRed_OBUF[3]_inst_i_146/CO[3]
                         net (fo=1, routed)           0.000     5.772    VGA_SYNC_INST/vgaRed_OBUF[3]_inst_i_146_n_0
    SLICE_X7Y54          CARRY4 (Prop_carry4_CI_CO[0])
                                                      0.271     6.043 f  VGA_SYNC_INST/vgaRed_OBUF[3]_inst_i_56/CO[0]
                         net (fo=1, routed)           1.052     7.095    LANES_INST/L2/vgaRed_OBUF[3]_inst_i_23_2[0]
    SLICE_X8Y55          LUT6 (Prop_lut6_I5_O)        0.373     7.468 f  LANES_INST/L2/vgaRed_OBUF[3]_inst_i_33/O
                         net (fo=1, routed)           1.418     8.886    LANES_INST/L2/vgaRed_OBUF[3]_inst_i_33_n_0
    SLICE_X7Y77          LUT4 (Prop_lut4_I0_O)        0.124     9.010 f  LANES_INST/L2/vgaRed_OBUF[3]_inst_i_23/O
                         net (fo=1, routed)           0.151     9.161    LANES_INST/L3/vgaBlue_OBUF[3]_inst_i_3_0
    SLICE_X7Y77          LUT5 (Prop_lut5_I1_O)        0.124     9.285 r  LANES_INST/L3/vgaRed_OBUF[3]_inst_i_12/O
                         net (fo=2, routed)           0.403     9.688    VGA_SYNC_INST/vgaBlue_OBUF[1]_inst_i_1_0
    SLICE_X5Y77          LUT6 (Prop_lut6_I3_O)        0.124     9.812 f  VGA_SYNC_INST/vgaBlue_OBUF[3]_inst_i_3/O
                         net (fo=6, routed)           0.712    10.524    VGA_SYNC_INST/vgaBlue_OBUF[3]_inst_i_3_n_0
    SLICE_X3Y78          LUT6 (Prop_lut6_I5_O)        0.124    10.648 r  VGA_SYNC_INST/vgaBlue_OBUF[2]_inst_i_1/O
                         net (fo=2, routed)           3.207    13.855    vgaBlue_OBUF[0]
    N18                  OBUF (Prop_obuf_I_O)         3.495    17.350 r  vgaBlue_OBUF[0]_inst/O
                         net (fo=0)                   0.000    17.350    vgaBlue[0]
    N18                                                               r  vgaBlue[0] (OUT)
  -------------------------------------------------------------------    -------------------

Slack:                    inf
  Source:                 VGA_SYNC_INST/v_count_reg_reg[3]/C
                            (rising edge-triggered cell FDRE)
  Destination:            vgaGreen[3]
                            (output port)
  Path Group:             (none)
  Path Type:              Max at Slow Process Corner
  Data Path Delay:        17.086ns  (logic 5.993ns (35.078%)  route 11.093ns (64.922%))
  Logic Levels:           10  (CARRY4=2 FDRE=1 LUT4=2 LUT5=1 LUT6=3 OBUF=1)

    Location             Delay type                Incr(ns)  Path(ns)    Netlist Resource(s)
  -------------------------------------------------------------------    -------------------
    SLICE_X2Y76          FDRE                         0.000     0.000 r  VGA_SYNC_INST/v_count_reg_reg[3]/C
    SLICE_X2Y76          FDRE (Prop_fdre_C_Q)         0.478     0.478 r  VGA_SYNC_INST/v_count_reg_reg[3]/Q
                         net (fo=75, routed)          4.449     4.927    LANES_INST/L2/w_pixel_y[3]
    SLICE_X7Y53          LUT4 (Prop_lut4_I2_O)        0.295     5.222 r  LANES_INST/L2/vgaRed_OBUF[3]_inst_i_365/O
                         net (fo=1, routed)           0.000     5.222    VGA_SYNC_INST/vgaRed_OBUF[3]_inst_i_56_0[1]
    SLICE_X7Y53          CARRY4 (Prop_carry4_S[1]_CO[3])
                                                      0.550     5.772 r  VGA_SYNC_INST/vgaRed_OBUF[3]_inst_i_146/CO[3]
                         net (fo=1, routed)           0.000     5.772    VGA_SYNC_INST/vgaRed_OBUF[3]_inst_i_146_n_0
    SLICE_X7Y54          CARRY4 (Prop_carry4_CI_CO[0])
                                                      0.271     6.043 f  VGA_SYNC_INST/vgaRed_OBUF[3]_inst_i_56/CO[0]
                         net (fo=1, routed)           1.052     7.095    LANES_INST/L2/vgaRed_OBUF[3]_inst_i_23_2[0]
    SLICE_X8Y55          LUT6 (Prop_lut6_I5_O)        0.373     7.468 f  LANES_INST/L2/vgaRed_OBUF[3]_inst_i_33/O
                         net (fo=1, routed)           1.418     8.886    LANES_INST/L2/vgaRed_OBUF[3]_inst_i_33_n_0
    SLICE_X7Y77          LUT4 (Prop_lut4_I0_O)        0.124     9.010 f  LANES_INST/L2/vgaRed_OBUF[3]_inst_i_23/O
                         net (fo=1, routed)           0.151     9.161    LANES_INST/L3/vgaBlue_OBUF[3]_inst_i_3_0
    SLICE_X7Y77          LUT5 (Prop_lut5_I1_O)        0.124     9.285 r  LANES_INST/L3/vgaRed_OBUF[3]_inst_i_12/O
                         net (fo=2, routed)           0.403     9.688    VGA_SYNC_INST/vgaBlue_OBUF[1]_inst_i_1_0
    SLICE_X5Y77          LUT6 (Prop_lut6_I3_O)        0.124     9.812 f  VGA_SYNC_INST/vgaBlue_OBUF[3]_inst_i_3/O
                         net (fo=6, routed)           0.903    10.715    VGA_SYNC_INST/vgaBlue_OBUF[3]_inst_i_3_n_0
    SLICE_X2Y78          LUT6 (Prop_lut6_I5_O)        0.124    10.839 r  VGA_SYNC_INST/vgaGreen_OBUF[3]_inst_i_1/O
                         net (fo=1, routed)           2.716    13.556    vgaGreen_OBUF[3]
    D17                  OBUF (Prop_obuf_I_O)         3.530    17.086 r  vgaGreen_OBUF[3]_inst/O
                         net (fo=0)                   0.000    17.086    vgaGreen[3]
    D17                                                               r  vgaGreen[3] (OUT)
  -------------------------------------------------------------------    -------------------





Min Delay Paths
--------------------------------------------------------------------------------------
Slack:                    inf
  Source:                 VGA_SYNC_INST/h_count_reg_reg[3]/C
                            (rising edge-triggered cell FDRE)
  Destination:            VGA_SYNC_INST/h_count_reg_reg[4]/D
  Path Group:             (none)
  Path Type:              Min at Fast Process Corner
  Data Path Delay:        0.342ns  (logic 0.226ns (66.090%)  route 0.116ns (33.910%))
  Logic Levels:           2  (FDRE=1 LUT6=1)

    Location             Delay type                Incr(ns)  Path(ns)    Netlist Resource(s)
  -------------------------------------------------------------------    -------------------
    SLICE_X3Y77          FDRE                         0.000     0.000 r  VGA_SYNC_INST/h_count_reg_reg[3]/C
    SLICE_X3Y77          FDRE (Prop_fdre_C_Q)         0.128     0.128 r  VGA_SYNC_INST/h_count_reg_reg[3]/Q
                         net (fo=11, routed)          0.116     0.244    VGA_SYNC_INST/w_pixel_x[3]
    SLICE_X3Y77          LUT6 (Prop_lut6_I5_O)        0.098     0.342 r  VGA_SYNC_INST/h_count_reg[4]_i_1/O
                         net (fo=1, routed)           0.000     0.342    VGA_SYNC_INST/h_count_next[4]
    SLICE_X3Y77          FDRE                                         r  VGA_SYNC_INST/h_count_reg_reg[4]/D
  -------------------------------------------------------------------    -------------------

Slack:                    inf
  Source:                 VGA_SYNC_INST/h_count_reg_reg[9]/C
                            (rising edge-triggered cell FDRE)
  Destination:            VGA_SYNC_INST/h_count_reg_reg[5]/D
  Path Group:             (none)
  Path Type:              Min at Fast Process Corner
  Data Path Delay:        0.362ns  (logic 0.186ns (51.374%)  route 0.176ns (48.626%))
  Logic Levels:           2  (FDRE=1 LUT6=1)

    Location             Delay type                Incr(ns)  Path(ns)    Netlist Resource(s)
  -------------------------------------------------------------------    -------------------
    SLICE_X5Y79          FDRE                         0.000     0.000 r  VGA_SYNC_INST/h_count_reg_reg[9]/C
    SLICE_X5Y79          FDRE (Prop_fdre_C_Q)         0.141     0.141 f  VGA_SYNC_INST/h_count_reg_reg[9]/Q
                         net (fo=14, routed)          0.176     0.317    VGA_SYNC_INST/w_pixel_x[9]
    SLICE_X5Y79          LUT6 (Prop_lut6_I1_O)        0.045     0.362 r  VGA_SYNC_INST/h_count_reg[5]_i_1/O
                         net (fo=1, routed)           0.000     0.362    VGA_SYNC_INST/h_count_next[5]
    SLICE_X5Y79          FDRE                                         r  VGA_SYNC_INST/h_count_reg_reg[5]/D
  -------------------------------------------------------------------    -------------------

Slack:                    inf
  Source:                 VGA_SYNC_INST/v_count_reg_reg[5]/C
                            (rising edge-triggered cell FDRE)
  Destination:            VGA_SYNC_INST/v_count_reg_reg[8]/D
  Path Group:             (none)
  Path Type:              Min at Fast Process Corner
  Data Path Delay:        0.369ns  (logic 0.186ns (50.468%)  route 0.183ns (49.532%))
  Logic Levels:           2  (FDRE=1 LUT6=1)

    Location             Delay type                Incr(ns)  Path(ns)    Netlist Resource(s)
  -------------------------------------------------------------------    -------------------
    SLICE_X3Y76          FDRE                         0.000     0.000 r  VGA_SYNC_INST/v_count_reg_reg[5]/C
    SLICE_X3Y76          FDRE (Prop_fdre_C_Q)         0.141     0.141 r  VGA_SYNC_INST/v_count_reg_reg[5]/Q
                         net (fo=75, routed)          0.183     0.324    VGA_SYNC_INST/w_pixel_y[5]
    SLICE_X3Y76          LUT6 (Prop_lut6_I4_O)        0.045     0.369 r  VGA_SYNC_INST/v_count_reg[8]_i_1/O
                         net (fo=1, routed)           0.000     0.369    VGA_SYNC_INST/v_count_reg[8]_i_1_n_0
    SLICE_X3Y76          FDRE                                         r  VGA_SYNC_INST/v_count_reg_reg[8]/D
  -------------------------------------------------------------------    -------------------

Slack:                    inf
  Source:                 VGA_SYNC_INST/v_count_reg_reg[0]/C
                            (rising edge-triggered cell FDRE)
  Destination:            VGA_SYNC_INST/v_count_reg_reg[0]/D
  Path Group:             (none)
  Path Type:              Min at Fast Process Corner
  Data Path Delay:        0.383ns  (logic 0.209ns (54.596%)  route 0.174ns (45.404%))
  Logic Levels:           2  (FDRE=1 LUT6=1)

    Location             Delay type                Incr(ns)  Path(ns)    Netlist Resource(s)
  -------------------------------------------------------------------    -------------------
    SLICE_X2Y77          FDRE                         0.000     0.000 r  VGA_SYNC_INST/v_count_reg_reg[0]/C
    SLICE_X2Y77          FDRE (Prop_fdre_C_Q)         0.164     0.164 f  VGA_SYNC_INST/v_count_reg_reg[0]/Q
                         net (fo=73, routed)          0.174     0.338    VGA_SYNC_INST/w_pixel_y[0]
    SLICE_X2Y77          LUT6 (Prop_lut6_I5_O)        0.045     0.383 r  VGA_SYNC_INST/v_count_reg[0]_i_1/O
                         net (fo=1, routed)           0.000     0.383    VGA_SYNC_INST/v_count_reg[0]_i_1_n_0
    SLICE_X2Y77          FDRE                                         r  VGA_SYNC_INST/v_count_reg_reg[0]/D
  -------------------------------------------------------------------    -------------------

Slack:                    inf
  Source:                 VGA_SYNC_INST/h_count_reg_reg[7]/C
                            (rising edge-triggered cell FDRE)
  Destination:            VGA_SYNC_INST/h_count_reg_reg[8]/D
  Path Group:             (none)
  Path Type:              Min at Fast Process Corner
  Data Path Delay:        0.402ns  (logic 0.226ns (56.284%)  route 0.176ns (43.716%))
  Logic Levels:           2  (FDRE=1 LUT6=1)

    Location             Delay type                Incr(ns)  Path(ns)    Netlist Resource(s)
  -------------------------------------------------------------------    -------------------
    SLICE_X5Y79          FDRE                         0.000     0.000 r  VGA_SYNC_INST/h_count_reg_reg[7]/C
    SLICE_X5Y79          FDRE (Prop_fdre_C_Q)         0.128     0.128 r  VGA_SYNC_INST/h_count_reg_reg[7]/Q
                         net (fo=17, routed)          0.176     0.304    VGA_SYNC_INST/w_pixel_x[7]
    SLICE_X5Y79          LUT6 (Prop_lut6_I2_O)        0.098     0.402 r  VGA_SYNC_INST/h_count_reg[8]_i_1/O
                         net (fo=1, routed)           0.000     0.402    VGA_SYNC_INST/h_count_next[8]
    SLICE_X5Y79          FDRE                                         r  VGA_SYNC_INST/h_count_reg_reg[8]/D
  -------------------------------------------------------------------    -------------------

Slack:                    inf
  Source:                 VGA_SYNC_INST/h_count_reg_reg[7]/C
                            (rising edge-triggered cell FDRE)
  Destination:            VGA_SYNC_INST/h_count_reg_reg[9]/D
  Path Group:             (none)
  Path Type:              Min at Fast Process Corner
  Data Path Delay:        0.402ns  (logic 0.226ns (56.284%)  route 0.176ns (43.716%))
  Logic Levels:           2  (FDRE=1 LUT6=1)

    Location             Delay type                Incr(ns)  Path(ns)    Netlist Resource(s)
  -------------------------------------------------------------------    -------------------
    SLICE_X5Y79          FDRE                         0.000     0.000 r  VGA_SYNC_INST/h_count_reg_reg[7]/C
    SLICE_X5Y79          FDRE (Prop_fdre_C_Q)         0.128     0.128 r  VGA_SYNC_INST/h_count_reg_reg[7]/Q
                         net (fo=17, routed)          0.176     0.304    VGA_SYNC_INST/w_pixel_x[7]
    SLICE_X5Y79          LUT6 (Prop_lut6_I1_O)        0.098     0.402 r  VGA_SYNC_INST/h_count_reg[9]_i_1/O
                         net (fo=1, routed)           0.000     0.402    VGA_SYNC_INST/h_count_next[9]
    SLICE_X5Y79          FDRE                                         r  VGA_SYNC_INST/h_count_reg_reg[9]/D
  -------------------------------------------------------------------    -------------------

Slack:                    inf
  Source:                 VGA_SYNC_INST/h_count_reg_reg[5]/C
                            (rising edge-triggered cell FDRE)
  Destination:            VGA_SYNC_INST/h_count_reg_reg[7]/D
  Path Group:             (none)
  Path Type:              Min at Fast Process Corner
  Data Path Delay:        0.402ns  (logic 0.184ns (45.793%)  route 0.218ns (54.207%))
  Logic Levels:           2  (FDRE=1 LUT4=1)

    Location             Delay type                Incr(ns)  Path(ns)    Netlist Resource(s)
  -------------------------------------------------------------------    -------------------
    SLICE_X5Y79          FDRE                         0.000     0.000 r  VGA_SYNC_INST/h_count_reg_reg[5]/C
    SLICE_X5Y79          FDRE (Prop_fdre_C_Q)         0.141     0.141 r  VGA_SYNC_INST/h_count_reg_reg[5]/Q
                         net (fo=20, routed)          0.218     0.359    VGA_SYNC_INST/w_pixel_x[5]
    SLICE_X5Y79          LUT4 (Prop_lut4_I2_O)        0.043     0.402 r  VGA_SYNC_INST/h_count_reg[7]_i_1/O
                         net (fo=1, routed)           0.000     0.402    VGA_SYNC_INST/h_count_next[7]
    SLICE_X5Y79          FDRE                                         r  VGA_SYNC_INST/h_count_reg_reg[7]/D
  -------------------------------------------------------------------    -------------------

Slack:                    inf
  Source:                 VGA_SYNC_INST/h_count_reg_reg[5]/C
                            (rising edge-triggered cell FDRE)
  Destination:            VGA_SYNC_INST/h_count_reg_reg[6]/D
  Path Group:             (none)
  Path Type:              Min at Fast Process Corner
  Data Path Delay:        0.404ns  (logic 0.186ns (46.061%)  route 0.218ns (53.939%))
  Logic Levels:           2  (FDRE=1 LUT3=1)

    Location             Delay type                Incr(ns)  Path(ns)    Netlist Resource(s)
  -------------------------------------------------------------------    -------------------
    SLICE_X5Y79          FDRE                         0.000     0.000 r  VGA_SYNC_INST/h_count_reg_reg[5]/C
    SLICE_X5Y79          FDRE (Prop_fdre_C_Q)         0.141     0.141 r  VGA_SYNC_INST/h_count_reg_reg[5]/Q
                         net (fo=20, routed)          0.218     0.359    VGA_SYNC_INST/w_pixel_x[5]
    SLICE_X5Y79          LUT3 (Prop_lut3_I1_O)        0.045     0.404 r  VGA_SYNC_INST/h_count_reg[6]_i_1/O
                         net (fo=1, routed)           0.000     0.404    VGA_SYNC_INST/h_count_next[6]
    SLICE_X5Y79          FDRE                                         r  VGA_SYNC_INST/h_count_reg_reg[6]/D
  -------------------------------------------------------------------    -------------------

Slack:                    inf
  Source:                 VGA_SYNC_INST/v_count_reg_reg[5]/C
                            (rising edge-triggered cell FDRE)
  Destination:            VGA_SYNC_INST/v_count_reg_reg[5]/D
  Path Group:             (none)
  Path Type:              Min at Fast Process Corner
  Data Path Delay:        0.415ns  (logic 0.186ns (44.812%)  route 0.229ns (55.188%))
  Logic Levels:           2  (FDRE=1 LUT3=1)

    Location             Delay type                Incr(ns)  Path(ns)    Netlist Resource(s)
  -------------------------------------------------------------------    -------------------
    SLICE_X3Y76          FDRE                         0.000     0.000 r  VGA_SYNC_INST/v_count_reg_reg[5]/C
    SLICE_X3Y76          FDRE (Prop_fdre_C_Q)         0.141     0.141 r  VGA_SYNC_INST/v_count_reg_reg[5]/Q
                         net (fo=75, routed)          0.229     0.370    VGA_SYNC_INST/w_pixel_y[5]
    SLICE_X3Y76          LUT3 (Prop_lut3_I1_O)        0.045     0.415 r  VGA_SYNC_INST/v_count_reg[5]_i_1/O
                         net (fo=1, routed)           0.000     0.415    VGA_SYNC_INST/v_count_reg[5]_i_1_n_0
    SLICE_X3Y76          FDRE                                         r  VGA_SYNC_INST/v_count_reg_reg[5]/D
  -------------------------------------------------------------------    -------------------

Slack:                    inf
  Source:                 VGA_SYNC_INST/v_count_reg_reg[5]/C
                            (rising edge-triggered cell FDRE)
  Destination:            VGA_SYNC_INST/v_count_reg_reg[7]/D
  Path Group:             (none)
  Path Type:              Min at Fast Process Corner
  Data Path Delay:        0.415ns  (logic 0.184ns (44.330%)  route 0.231ns (55.670%))
  Logic Levels:           2  (FDRE=1 LUT5=1)

    Location             Delay type                Incr(ns)  Path(ns)    Netlist Resource(s)
  -------------------------------------------------------------------    -------------------
    SLICE_X3Y76          FDRE                         0.000     0.000 r  VGA_SYNC_INST/v_count_reg_reg[5]/C
    SLICE_X3Y76          FDRE (Prop_fdre_C_Q)         0.141     0.141 r  VGA_SYNC_INST/v_count_reg_reg[5]/Q
                         net (fo=75, routed)          0.231     0.372    VGA_SYNC_INST/w_pixel_y[5]
    SLICE_X3Y76          LUT5 (Prop_lut5_I4_O)        0.043     0.415 r  VGA_SYNC_INST/v_count_reg[7]_i_1/O
                         net (fo=1, routed)           0.000     0.415    VGA_SYNC_INST/v_count_reg[7]_i_1_n_0
    SLICE_X3Y76          FDRE                                         r  VGA_SYNC_INST/v_count_reg_reg[7]/D
  -------------------------------------------------------------------    -------------------





--------------------------------------------------------------------------------------
Path Group:  (none)
From Clock:  sys_clk_pin
  To Clock:  

Max Delay            32 Endpoints
Min Delay            32 Endpoints
--------------------------------------------------------------------------------------


Max Delay Paths
--------------------------------------------------------------------------------------
Slack:                    inf
  Source:                 LANES_INST/L2/y_arr_reg[1][4]/C
                            (rising edge-triggered cell FDCE clocked by sys_clk_pin  {rise@0.000ns fall@5.000ns period=10.000ns})
  Destination:            vgaRed[3]
                            (output port)
  Path Group:             (none)
  Path Type:              Max at Slow Process Corner
  Data Path Delay:        16.930ns  (logic 5.550ns (32.784%)  route 11.380ns (67.216%))
  Logic Levels:           9  (CARRY4=1 LUT4=2 LUT5=2 LUT6=3 OBUF=1)
  Clock Uncertainty:      0.025ns  ((TSJ^2 + TIJ^2)^1/2 + DJ) / 2 + PE
    Total System Jitter     (TSJ):    0.050ns
    Total Input Jitter      (TIJ):    0.000ns
    Discrete Jitter          (DJ):    0.000ns
    Phase Error              (PE):    0.000ns

    Location             Delay type                Incr(ns)  Path(ns)    Netlist Resource(s)
  -------------------------------------------------------------------    -------------------
                         (clock sys_clk_pin rise edge)
                                                      0.000     0.000 r  
    W5                                                0.000     0.000 r  clk (IN)
                         net (fo=0)                   0.000     0.000    clk
    W5                   IBUF (Prop_ibuf_I_O)         1.458     1.458 r  clk_IBUF_inst/O
                         net (fo=1, routed)           1.967     3.425    clk_IBUF
    BUFGCTRL_X0Y0        BUFG (Prop_bufg_I_O)         0.096     3.521 r  clk_IBUF_BUFG_inst/O
                         net (fo=505, routed)         1.639     5.160    LANES_INST/L2/clk_IBUF_BUFG
    SLICE_X2Y47          FDCE                                         r  LANES_INST/L2/y_arr_reg[1][4]/C
  -------------------------------------------------------------------    -------------------
    SLICE_X2Y47          FDCE (Prop_fdce_C_Q)         0.518     5.678 r  LANES_INST/L2/y_arr_reg[1][4]/Q
                         net (fo=25, routed)          2.184     7.862    LANES_INST/L2/y_arr_reg[1][9]_0[4]
    SLICE_X1Y49          LUT4 (Prop_lut4_I1_O)        0.124     7.986 r  LANES_INST/L2/vgaRed_OBUF[3]_inst_i_383/O
                         net (fo=2, routed)           1.134     9.120    LANES_INST/L2/vgaRed_OBUF[3]_inst_i_383_n_0
    SLICE_X1Y54          LUT5 (Prop_lut5_I3_O)        0.124     9.244 r  LANES_INST/L2/vgaRed_OBUF[3]_inst_i_156/O
                         net (fo=1, routed)           0.000     9.244    LANES_INST/L2/vgaRed_OBUF[3]_inst_i_156_n_0
    SLICE_X1Y54          CARRY4 (Prop_carry4_S[0]_CO[1])
                                                      0.457     9.701 f  LANES_INST/L2/vgaRed_OBUF[3]_inst_i_58/CO[1]
                         net (fo=1, routed)           0.815    10.516    LANES_INST/L2/VGA_RENDER_INST/draw_note263_in
    SLICE_X4Y54          LUT6 (Prop_lut6_I1_O)        0.329    10.845 r  LANES_INST/L2/vgaRed_OBUF[3]_inst_i_34/O
                         net (fo=1, routed)           1.821    12.666    LANES_INST/L2/vgaRed_OBUF[3]_inst_i_34_n_0
    SLICE_X7Y77          LUT4 (Prop_lut4_I1_O)        0.124    12.790 f  LANES_INST/L2/vgaRed_OBUF[3]_inst_i_23/O
                         net (fo=1, routed)           0.151    12.941    LANES_INST/L3/vgaBlue_OBUF[3]_inst_i_3_0
    SLICE_X7Y77          LUT5 (Prop_lut5_I1_O)        0.124    13.065 r  LANES_INST/L3/vgaRed_OBUF[3]_inst_i_12/O
                         net (fo=2, routed)           0.813    13.878    VGA_SYNC_INST/vgaBlue_OBUF[1]_inst_i_1_0
    SLICE_X5Y77          LUT6 (Prop_lut6_I3_O)        0.124    14.002 r  VGA_SYNC_INST/vgaRed_OBUF[3]_inst_i_6/O
                         net (fo=2, routed)           0.975    14.977    VGA_SYNC_INST/vgaRed_OBUF[3]_inst_i_6_n_0
    SLICE_X3Y79          LUT6 (Prop_lut6_I5_O)        0.124    15.101 r  VGA_SYNC_INST/vgaRed_OBUF[3]_inst_i_1/O
                         net (fo=3, routed)           3.487    18.588    vgaRed_OBUF[0]
    N19                  OBUF (Prop_obuf_I_O)         3.502    22.091 r  vgaRed_OBUF[3]_inst/O
                         net (fo=0)                   0.000    22.091    vgaRed[3]
    N19                                                               r  vgaRed[3] (OUT)
  -------------------------------------------------------------------    -------------------

Slack:                    inf
  Source:                 LANES_INST/L2/y_arr_reg[1][4]/C
                            (rising edge-triggered cell FDCE clocked by sys_clk_pin  {rise@0.000ns fall@5.000ns period=10.000ns})
  Destination:            vgaRed[2]
                            (output port)
  Path Group:             (none)
  Path Type:              Max at Slow Process Corner
  Data Path Delay:        16.749ns  (logic 5.572ns (33.267%)  route 11.177ns (66.733%))
  Logic Levels:           9  (CARRY4=1 LUT4=2 LUT5=2 LUT6=3 OBUF=1)
  Clock Uncertainty:      0.025ns  ((TSJ^2 + TIJ^2)^1/2 + DJ) / 2 + PE
    Total System Jitter     (TSJ):    0.050ns
    Total Input Jitter      (TIJ):    0.000ns
    Discrete Jitter          (DJ):    0.000ns
    Phase Error              (PE):    0.000ns

    Location             Delay type                Incr(ns)  Path(ns)    Netlist Resource(s)
  -------------------------------------------------------------------    -------------------
                         (clock sys_clk_pin rise edge)
                                                      0.000     0.000 r  
    W5                                                0.000     0.000 r  clk (IN)
                         net (fo=0)                   0.000     0.000    clk
    W5                   IBUF (Prop_ibuf_I_O)         1.458     1.458 r  clk_IBUF_inst/O
                         net (fo=1, routed)           1.967     3.425    clk_IBUF
    BUFGCTRL_X0Y0        BUFG (Prop_bufg_I_O)         0.096     3.521 r  clk_IBUF_BUFG_inst/O
                         net (fo=505, routed)         1.639     5.160    LANES_INST/L2/clk_IBUF_BUFG
    SLICE_X2Y47          FDCE                                         r  LANES_INST/L2/y_arr_reg[1][4]/C
  -------------------------------------------------------------------    -------------------
    SLICE_X2Y47          FDCE (Prop_fdce_C_Q)         0.518     5.678 r  LANES_INST/L2/y_arr_reg[1][4]/Q
                         net (fo=25, routed)          2.184     7.862    LANES_INST/L2/y_arr_reg[1][9]_0[4]
    SLICE_X1Y49          LUT4 (Prop_lut4_I1_O)        0.124     7.986 r  LANES_INST/L2/vgaRed_OBUF[3]_inst_i_383/O
                         net (fo=2, routed)           1.134     9.120    LANES_INST/L2/vgaRed_OBUF[3]_inst_i_383_n_0
    SLICE_X1Y54          LUT5 (Prop_lut5_I3_O)        0.124     9.244 r  LANES_INST/L2/vgaRed_OBUF[3]_inst_i_156/O
                         net (fo=1, routed)           0.000     9.244    LANES_INST/L2/vgaRed_OBUF[3]_inst_i_156_n_0
    SLICE_X1Y54          CARRY4 (Prop_carry4_S[0]_CO[1])
                                                      0.457     9.701 f  LANES_INST/L2/vgaRed_OBUF[3]_inst_i_58/CO[1]
                         net (fo=1, routed)           0.815    10.516    LANES_INST/L2/VGA_RENDER_INST/draw_note263_in
    SLICE_X4Y54          LUT6 (Prop_lut6_I1_O)        0.329    10.845 r  LANES_INST/L2/vgaRed_OBUF[3]_inst_i_34/O
                         net (fo=1, routed)           1.821    12.666    LANES_INST/L2/vgaRed_OBUF[3]_inst_i_34_n_0
    SLICE_X7Y77          LUT4 (Prop_lut4_I1_O)        0.124    12.790 f  LANES_INST/L2/vgaRed_OBUF[3]_inst_i_23/O
                         net (fo=1, routed)           0.151    12.941    LANES_INST/L3/vgaBlue_OBUF[3]_inst_i_3_0
    SLICE_X7Y77          LUT5 (Prop_lut5_I1_O)        0.124    13.065 r  LANES_INST/L3/vgaRed_OBUF[3]_inst_i_12/O
                         net (fo=2, routed)           0.813    13.878    VGA_SYNC_INST/vgaBlue_OBUF[1]_inst_i_1_0
    SLICE_X5Y77          LUT6 (Prop_lut6_I3_O)        0.124    14.002 r  VGA_SYNC_INST/vgaRed_OBUF[3]_inst_i_6/O
                         net (fo=2, routed)           0.975    14.977    VGA_SYNC_INST/vgaRed_OBUF[3]_inst_i_6_n_0
    SLICE_X3Y79          LUT6 (Prop_lut6_I5_O)        0.124    15.101 r  VGA_SYNC_INST/vgaRed_OBUF[3]_inst_i_1/O
                         net (fo=3, routed)           3.284    18.386    vgaRed_OBUF[0]
    J19                  OBUF (Prop_obuf_I_O)         3.524    21.910 r  vgaRed_OBUF[2]_inst/O
                         net (fo=0)                   0.000    21.910    vgaRed[2]
    J19                                                               r  vgaRed[2] (OUT)
  -------------------------------------------------------------------    -------------------

Slack:                    inf
  Source:                 LANES_INST/L2/y_arr_reg[1][4]/C
                            (rising edge-triggered cell FDCE clocked by sys_clk_pin  {rise@0.000ns fall@5.000ns period=10.000ns})
  Destination:            vgaRed[1]
                            (output port)
  Path Group:             (none)
  Path Type:              Max at Slow Process Corner
  Data Path Delay:        16.532ns  (logic 5.567ns (33.676%)  route 10.965ns (66.324%))
  Logic Levels:           9  (CARRY4=1 LUT4=2 LUT5=2 LUT6=3 OBUF=1)
  Clock Uncertainty:      0.025ns  ((TSJ^2 + TIJ^2)^1/2 + DJ) / 2 + PE
    Total System Jitter     (TSJ):    0.050ns
    Total Input Jitter      (TIJ):    0.000ns
    Discrete Jitter          (DJ):    0.000ns
    Phase Error              (PE):    0.000ns

    Location             Delay type                Incr(ns)  Path(ns)    Netlist Resource(s)
  -------------------------------------------------------------------    -------------------
                         (clock sys_clk_pin rise edge)
                                                      0.000     0.000 r  
    W5                                                0.000     0.000 r  clk (IN)
                         net (fo=0)                   0.000     0.000    clk
    W5                   IBUF (Prop_ibuf_I_O)         1.458     1.458 r  clk_IBUF_inst/O
                         net (fo=1, routed)           1.967     3.425    clk_IBUF
    BUFGCTRL_X0Y0        BUFG (Prop_bufg_I_O)         0.096     3.521 r  clk_IBUF_BUFG_inst/O
                         net (fo=505, routed)         1.639     5.160    LANES_INST/L2/clk_IBUF_BUFG
    SLICE_X2Y47          FDCE                                         r  LANES_INST/L2/y_arr_reg[1][4]/C
  -------------------------------------------------------------------    -------------------
    SLICE_X2Y47          FDCE (Prop_fdce_C_Q)         0.518     5.678 r  LANES_INST/L2/y_arr_reg[1][4]/Q
                         net (fo=25, routed)          2.184     7.862    LANES_INST/L2/y_arr_reg[1][9]_0[4]
    SLICE_X1Y49          LUT4 (Prop_lut4_I1_O)        0.124     7.986 r  LANES_INST/L2/vgaRed_OBUF[3]_inst_i_383/O
                         net (fo=2, routed)           1.134     9.120    LANES_INST/L2/vgaRed_OBUF[3]_inst_i_383_n_0
    SLICE_X1Y54          LUT5 (Prop_lut5_I3_O)        0.124     9.244 r  LANES_INST/L2/vgaRed_OBUF[3]_inst_i_156/O
                         net (fo=1, routed)           0.000     9.244    LANES_INST/L2/vgaRed_OBUF[3]_inst_i_156_n_0
    SLICE_X1Y54          CARRY4 (Prop_carry4_S[0]_CO[1])
                                                      0.457     9.701 f  LANES_INST/L2/vgaRed_OBUF[3]_inst_i_58/CO[1]
                         net (fo=1, routed)           0.815    10.516    LANES_INST/L2/VGA_RENDER_INST/draw_note263_in
    SLICE_X4Y54          LUT6 (Prop_lut6_I1_O)        0.329    10.845 r  LANES_INST/L2/vgaRed_OBUF[3]_inst_i_34/O
                         net (fo=1, routed)           1.821    12.666    LANES_INST/L2/vgaRed_OBUF[3]_inst_i_34_n_0
    SLICE_X7Y77          LUT4 (Prop_lut4_I1_O)        0.124    12.790 f  LANES_INST/L2/vgaRed_OBUF[3]_inst_i_23/O
                         net (fo=1, routed)           0.151    12.941    LANES_INST/L3/vgaBlue_OBUF[3]_inst_i_3_0
    SLICE_X7Y77          LUT5 (Prop_lut5_I1_O)        0.124    13.065 r  LANES_INST/L3/vgaRed_OBUF[3]_inst_i_12/O
                         net (fo=2, routed)           0.813    13.878    VGA_SYNC_INST/vgaBlue_OBUF[1]_inst_i_1_0
    SLICE_X5Y77          LUT6 (Prop_lut6_I3_O)        0.124    14.002 r  VGA_SYNC_INST/vgaRed_OBUF[3]_inst_i_6/O
                         net (fo=2, routed)           0.973    14.975    VGA_SYNC_INST/vgaRed_OBUF[3]_inst_i_6_n_0
    SLICE_X3Y79          LUT6 (Prop_lut6_I0_O)        0.124    15.099 r  VGA_SYNC_INST/vgaRed_OBUF[1]_inst_i_1/O
                         net (fo=1, routed)           3.074    18.173    vgaRed_OBUF[1]
    H19                  OBUF (Prop_obuf_I_O)         3.519    21.692 r  vgaRed_OBUF[1]_inst/O
                         net (fo=0)                   0.000    21.692    vgaRed[1]
    H19                                                               r  vgaRed[1] (OUT)
  -------------------------------------------------------------------    -------------------

Slack:                    inf
  Source:                 LANES_INST/L0/y_arr_reg[0][7]/C
                            (rising edge-triggered cell FDCE clocked by sys_clk_pin  {rise@0.000ns fall@5.000ns period=10.000ns})
  Destination:            vgaGreen[0]
                            (output port)
  Path Group:             (none)
  Path Type:              Max at Slow Process Corner
  Data Path Delay:        16.550ns  (logic 5.810ns (35.106%)  route 10.740ns (64.894%))
  Logic Levels:           8  (CARRY4=1 LUT4=1 LUT5=2 LUT6=3 OBUF=1)
  Clock Uncertainty:      0.025ns  ((TSJ^2 + TIJ^2)^1/2 + DJ) / 2 + PE
    Total System Jitter     (TSJ):    0.050ns
    Total Input Jitter      (TIJ):    0.000ns
    Discrete Jitter          (DJ):    0.000ns
    Phase Error              (PE):    0.000ns

    Location             Delay type                Incr(ns)  Path(ns)    Netlist Resource(s)
  -------------------------------------------------------------------    -------------------
                         (clock sys_clk_pin rise edge)
                                                      0.000     0.000 r  
    W5                                                0.000     0.000 r  clk (IN)
                         net (fo=0)                   0.000     0.000    clk
    W5                   IBUF (Prop_ibuf_I_O)         1.458     1.458 r  clk_IBUF_inst/O
                         net (fo=1, routed)           1.967     3.425    clk_IBUF
    BUFGCTRL_X0Y0        BUFG (Prop_bufg_I_O)         0.096     3.521 r  clk_IBUF_BUFG_inst/O
                         net (fo=505, routed)         1.555     5.076    LANES_INST/L0/clk_IBUF_BUFG
    SLICE_X14Y59         FDCE                                         r  LANES_INST/L0/y_arr_reg[0][7]/C
  -------------------------------------------------------------------    -------------------
    SLICE_X14Y59         FDCE (Prop_fdce_C_Q)         0.478     5.554 r  LANES_INST/L0/y_arr_reg[0][7]/Q
                         net (fo=21, routed)          2.111     7.664    LANES_INST/L0/Q[7]
    SLICE_X9Y62          LUT4 (Prop_lut4_I0_O)        0.327     7.991 r  LANES_INST/L0/vgaRed_OBUF[3]_inst_i_273/O
                         net (fo=2, routed)           1.045     9.036    LANES_INST/L0/vgaRed_OBUF[3]_inst_i_273_n_0
    SLICE_X7Y62          LUT5 (Prop_lut5_I3_O)        0.326     9.362 r  LANES_INST/L0/vgaRed_OBUF[3]_inst_i_105/O
                         net (fo=1, routed)           0.000     9.362    LANES_INST/L0/vgaRed_OBUF[3]_inst_i_105_n_0
    SLICE_X7Y62          CARRY4 (Prop_carry4_S[0]_CO[1])
                                                      0.457     9.819 f  LANES_INST/L0/vgaRed_OBUF[3]_inst_i_45/CO[1]
                         net (fo=1, routed)           0.940    10.759    LANES_INST/L0/VGA_RENDER_INST/draw_note1
    SLICE_X6Y60          LUT6 (Prop_lut6_I0_O)        0.329    11.088 r  LANES_INST/L0/vgaRed_OBUF[3]_inst_i_27/O
                         net (fo=1, routed)           1.541    12.629    VGA_SYNC_INST/vgaRed_OBUF[3]_inst_i_6_0
    SLICE_X6Y77          LUT5 (Prop_lut5_I1_O)        0.124    12.753 f  VGA_SYNC_INST/vgaRed_OBUF[3]_inst_i_13/O
                         net (fo=2, routed)           0.798    13.551    VGA_SYNC_INST/vgaRed_OBUF[3]_inst_i_13_n_0
    SLICE_X5Y77          LUT6 (Prop_lut6_I4_O)        0.124    13.675 f  VGA_SYNC_INST/vgaBlue_OBUF[3]_inst_i_3/O
                         net (fo=6, routed)           0.884    14.559    VGA_SYNC_INST/vgaBlue_OBUF[3]_inst_i_3_n_0
    SLICE_X2Y78          LUT6 (Prop_lut6_I5_O)        0.124    14.683 r  VGA_SYNC_INST/vgaGreen_OBUF[2]_inst_i_1/O
                         net (fo=2, routed)           3.421    18.105    vgaGreen_OBUF[0]
    J17                  OBUF (Prop_obuf_I_O)         3.521    21.626 r  vgaGreen_OBUF[0]_inst/O
                         net (fo=0)                   0.000    21.626    vgaGreen[0]
    J17                                                               r  vgaGreen[0] (OUT)
  -------------------------------------------------------------------    -------------------

Slack:                    inf
  Source:                 LANES_INST/L2/y_arr_reg[1][4]/C
                            (rising edge-triggered cell FDCE clocked by sys_clk_pin  {rise@0.000ns fall@5.000ns period=10.000ns})
  Destination:            vgaRed[0]
                            (output port)
  Path Group:             (none)
  Path Type:              Max at Slow Process Corner
  Data Path Delay:        16.455ns  (logic 5.572ns (33.860%)  route 10.883ns (66.140%))
  Logic Levels:           9  (CARRY4=1 LUT4=2 LUT5=2 LUT6=3 OBUF=1)
  Clock Uncertainty:      0.025ns  ((TSJ^2 + TIJ^2)^1/2 + DJ) / 2 + PE
    Total System Jitter     (TSJ):    0.050ns
    Total Input Jitter      (TIJ):    0.000ns
    Discrete Jitter          (DJ):    0.000ns
    Phase Error              (PE):    0.000ns

    Location             Delay type                Incr(ns)  Path(ns)    Netlist Resource(s)
  -------------------------------------------------------------------    -------------------
                         (clock sys_clk_pin rise edge)
                                                      0.000     0.000 r  
    W5                                                0.000     0.000 r  clk (IN)
                         net (fo=0)                   0.000     0.000    clk
    W5                   IBUF (Prop_ibuf_I_O)         1.458     1.458 r  clk_IBUF_inst/O
                         net (fo=1, routed)           1.967     3.425    clk_IBUF
    BUFGCTRL_X0Y0        BUFG (Prop_bufg_I_O)         0.096     3.521 r  clk_IBUF_BUFG_inst/O
                         net (fo=505, routed)         1.639     5.160    LANES_INST/L2/clk_IBUF_BUFG
    SLICE_X2Y47          FDCE                                         r  LANES_INST/L2/y_arr_reg[1][4]/C
  -------------------------------------------------------------------    -------------------
    SLICE_X2Y47          FDCE (Prop_fdce_C_Q)         0.518     5.678 r  LANES_INST/L2/y_arr_reg[1][4]/Q
                         net (fo=25, routed)          2.184     7.862    LANES_INST/L2/y_arr_reg[1][9]_0[4]
    SLICE_X1Y49          LUT4 (Prop_lut4_I1_O)        0.124     7.986 r  LANES_INST/L2/vgaRed_OBUF[3]_inst_i_383/O
                         net (fo=2, routed)           1.134     9.120    LANES_INST/L2/vgaRed_OBUF[3]_inst_i_383_n_0
    SLICE_X1Y54          LUT5 (Prop_lut5_I3_O)        0.124     9.244 r  LANES_INST/L2/vgaRed_OBUF[3]_inst_i_156/O
                         net (fo=1, routed)           0.000     9.244    LANES_INST/L2/vgaRed_OBUF[3]_inst_i_156_n_0
    SLICE_X1Y54          CARRY4 (Prop_carry4_S[0]_CO[1])
                                                      0.457     9.701 f  LANES_INST/L2/vgaRed_OBUF[3]_inst_i_58/CO[1]
                         net (fo=1, routed)           0.815    10.516    LANES_INST/L2/VGA_RENDER_INST/draw_note263_in
    SLICE_X4Y54          LUT6 (Prop_lut6_I1_O)        0.329    10.845 r  LANES_INST/L2/vgaRed_OBUF[3]_inst_i_34/O
                         net (fo=1, routed)           1.821    12.666    LANES_INST/L2/vgaRed_OBUF[3]_inst_i_34_n_0
    SLICE_X7Y77          LUT4 (Prop_lut4_I1_O)        0.124    12.790 f  LANES_INST/L2/vgaRed_OBUF[3]_inst_i_23/O
                         net (fo=1, routed)           0.151    12.941    LANES_INST/L3/vgaBlue_OBUF[3]_inst_i_3_0
    SLICE_X7Y77          LUT5 (Prop_lut5_I1_O)        0.124    13.065 r  LANES_INST/L3/vgaRed_OBUF[3]_inst_i_12/O
                         net (fo=2, routed)           0.813    13.878    VGA_SYNC_INST/vgaBlue_OBUF[1]_inst_i_1_0
    SLICE_X5Y77          LUT6 (Prop_lut6_I3_O)        0.124    14.002 r  VGA_SYNC_INST/vgaRed_OBUF[3]_inst_i_6/O
                         net (fo=2, routed)           0.975    14.977    VGA_SYNC_INST/vgaRed_OBUF[3]_inst_i_6_n_0
    SLICE_X3Y79          LUT6 (Prop_lut6_I5_O)        0.124    15.101 r  VGA_SYNC_INST/vgaRed_OBUF[3]_inst_i_1/O
                         net (fo=3, routed)           2.990    18.092    vgaRed_OBUF[0]
    G19                  OBUF (Prop_obuf_I_O)         3.524    21.615 r  vgaRed_OBUF[0]_inst/O
                         net (fo=0)                   0.000    21.615    vgaRed[0]
    G19                                                               r  vgaRed[0] (OUT)
  -------------------------------------------------------------------    -------------------

Slack:                    inf
  Source:                 LANES_INST/L0/y_arr_reg[0][7]/C
                            (rising edge-triggered cell FDCE clocked by sys_clk_pin  {rise@0.000ns fall@5.000ns period=10.000ns})
  Destination:            vgaBlue[3]
                            (output port)
  Path Group:             (none)
  Path Type:              Max at Slow Process Corner
  Data Path Delay:        16.343ns  (logic 5.814ns (35.573%)  route 10.529ns (64.427%))
  Logic Levels:           8  (CARRY4=1 LUT4=1 LUT5=2 LUT6=3 OBUF=1)
  Clock Uncertainty:      0.025ns  ((TSJ^2 + TIJ^2)^1/2 + DJ) / 2 + PE
    Total System Jitter     (TSJ):    0.050ns
    Total Input Jitter      (TIJ):    0.000ns
    Discrete Jitter          (DJ):    0.000ns
    Phase Error              (PE):    0.000ns

    Location             Delay type                Incr(ns)  Path(ns)    Netlist Resource(s)
  -------------------------------------------------------------------    -------------------
                         (clock sys_clk_pin rise edge)
                                                      0.000     0.000 r  
    W5                                                0.000     0.000 r  clk (IN)
                         net (fo=0)                   0.000     0.000    clk
    W5                   IBUF (Prop_ibuf_I_O)         1.458     1.458 r  clk_IBUF_inst/O
                         net (fo=1, routed)           1.967     3.425    clk_IBUF
    BUFGCTRL_X0Y0        BUFG (Prop_bufg_I_O)         0.096     3.521 r  clk_IBUF_BUFG_inst/O
                         net (fo=505, routed)         1.555     5.076    LANES_INST/L0/clk_IBUF_BUFG
    SLICE_X14Y59         FDCE                                         r  LANES_INST/L0/y_arr_reg[0][7]/C
  -------------------------------------------------------------------    -------------------
    SLICE_X14Y59         FDCE (Prop_fdce_C_Q)         0.478     5.554 r  LANES_INST/L0/y_arr_reg[0][7]/Q
                         net (fo=21, routed)          2.111     7.664    LANES_INST/L0/Q[7]
    SLICE_X9Y62          LUT4 (Prop_lut4_I0_O)        0.327     7.991 r  LANES_INST/L0/vgaRed_OBUF[3]_inst_i_273/O
                         net (fo=2, routed)           1.045     9.036    LANES_INST/L0/vgaRed_OBUF[3]_inst_i_273_n_0
    SLICE_X7Y62          LUT5 (Prop_lut5_I3_O)        0.326     9.362 r  LANES_INST/L0/vgaRed_OBUF[3]_inst_i_105/O
                         net (fo=1, routed)           0.000     9.362    LANES_INST/L0/vgaRed_OBUF[3]_inst_i_105_n_0
    SLICE_X7Y62          CARRY4 (Prop_carry4_S[0]_CO[1])
                                                      0.457     9.819 f  LANES_INST/L0/vgaRed_OBUF[3]_inst_i_45/CO[1]
                         net (fo=1, routed)           0.940    10.759    LANES_INST/L0/VGA_RENDER_INST/draw_note1
    SLICE_X6Y60          LUT6 (Prop_lut6_I0_O)        0.329    11.088 r  LANES_INST/L0/vgaRed_OBUF[3]_inst_i_27/O
                         net (fo=1, routed)           1.541    12.629    VGA_SYNC_INST/vgaRed_OBUF[3]_inst_i_6_0
    SLICE_X6Y77          LUT5 (Prop_lut5_I1_O)        0.124    12.753 f  VGA_SYNC_INST/vgaRed_OBUF[3]_inst_i_13/O
                         net (fo=2, routed)           0.798    13.551    VGA_SYNC_INST/vgaRed_OBUF[3]_inst_i_13_n_0
    SLICE_X5Y77          LUT6 (Prop_lut6_I4_O)        0.124    13.675 f  VGA_SYNC_INST/vgaBlue_OBUF[3]_inst_i_3/O
                         net (fo=6, routed)           0.784    14.459    VGA_SYNC_INST/vgaBlue_OBUF[3]_inst_i_3_n_0
    SLICE_X3Y78          LUT6 (Prop_lut6_I5_O)        0.124    14.583 r  VGA_SYNC_INST/vgaBlue_OBUF[3]_inst_i_1/O
                         net (fo=1, routed)           3.311    17.894    vgaBlue_OBUF[3]
    J18                  OBUF (Prop_obuf_I_O)         3.525    21.419 r  vgaBlue_OBUF[3]_inst/O
                         net (fo=0)                   0.000    21.419    vgaBlue[3]
    J18                                                               r  vgaBlue[3] (OUT)
  -------------------------------------------------------------------    -------------------

Slack:                    inf
  Source:                 LANES_INST/L0/y_arr_reg[0][7]/C
                            (rising edge-triggered cell FDCE clocked by sys_clk_pin  {rise@0.000ns fall@5.000ns period=10.000ns})
  Destination:            vgaBlue[2]
                            (output port)
  Path Group:             (none)
  Path Type:              Max at Slow Process Corner
  Data Path Delay:        16.302ns  (logic 5.808ns (35.626%)  route 10.494ns (64.374%))
  Logic Levels:           8  (CARRY4=1 LUT4=1 LUT5=2 LUT6=3 OBUF=1)
  Clock Uncertainty:      0.025ns  ((TSJ^2 + TIJ^2)^1/2 + DJ) / 2 + PE
    Total System Jitter     (TSJ):    0.050ns
    Total Input Jitter      (TIJ):    0.000ns
    Discrete Jitter          (DJ):    0.000ns
    Phase Error              (PE):    0.000ns

    Location             Delay type                Incr(ns)  Path(ns)    Netlist Resource(s)
  -------------------------------------------------------------------    -------------------
                         (clock sys_clk_pin rise edge)
                                                      0.000     0.000 r  
    W5                                                0.000     0.000 r  clk (IN)
                         net (fo=0)                   0.000     0.000    clk
    W5                   IBUF (Prop_ibuf_I_O)         1.458     1.458 r  clk_IBUF_inst/O
                         net (fo=1, routed)           1.967     3.425    clk_IBUF
    BUFGCTRL_X0Y0        BUFG (Prop_bufg_I_O)         0.096     3.521 r  clk_IBUF_BUFG_inst/O
                         net (fo=505, routed)         1.555     5.076    LANES_INST/L0/clk_IBUF_BUFG
    SLICE_X14Y59         FDCE                                         r  LANES_INST/L0/y_arr_reg[0][7]/C
  -------------------------------------------------------------------    -------------------
    SLICE_X14Y59         FDCE (Prop_fdce_C_Q)         0.478     5.554 r  LANES_INST/L0/y_arr_reg[0][7]/Q
                         net (fo=21, routed)          2.111     7.664    LANES_INST/L0/Q[7]
    SLICE_X9Y62          LUT4 (Prop_lut4_I0_O)        0.327     7.991 r  LANES_INST/L0/vgaRed_OBUF[3]_inst_i_273/O
                         net (fo=2, routed)           1.045     9.036    LANES_INST/L0/vgaRed_OBUF[3]_inst_i_273_n_0
    SLICE_X7Y62          LUT5 (Prop_lut5_I3_O)        0.326     9.362 r  LANES_INST/L0/vgaRed_OBUF[3]_inst_i_105/O
                         net (fo=1, routed)           0.000     9.362    LANES_INST/L0/vgaRed_OBUF[3]_inst_i_105_n_0
    SLICE_X7Y62          CARRY4 (Prop_carry4_S[0]_CO[1])
                                                      0.457     9.819 f  LANES_INST/L0/vgaRed_OBUF[3]_inst_i_45/CO[1]
                         net (fo=1, routed)           0.940    10.759    LANES_INST/L0/VGA_RENDER_INST/draw_note1
    SLICE_X6Y60          LUT6 (Prop_lut6_I0_O)        0.329    11.088 r  LANES_INST/L0/vgaRed_OBUF[3]_inst_i_27/O
                         net (fo=1, routed)           1.541    12.629    VGA_SYNC_INST/vgaRed_OBUF[3]_inst_i_6_0
    SLICE_X6Y77          LUT5 (Prop_lut5_I1_O)        0.124    12.753 f  VGA_SYNC_INST/vgaRed_OBUF[3]_inst_i_13/O
                         net (fo=2, routed)           0.798    13.551    VGA_SYNC_INST/vgaRed_OBUF[3]_inst_i_13_n_0
    SLICE_X5Y77          LUT6 (Prop_lut6_I4_O)        0.124    13.675 f  VGA_SYNC_INST/vgaBlue_OBUF[3]_inst_i_3/O
                         net (fo=6, routed)           0.712    14.387    VGA_SYNC_INST/vgaBlue_OBUF[3]_inst_i_3_n_0
    SLICE_X3Y78          LUT6 (Prop_lut6_I5_O)        0.124    14.511 r  VGA_SYNC_INST/vgaBlue_OBUF[2]_inst_i_1/O
                         net (fo=2, routed)           3.348    17.859    vgaBlue_OBUF[0]
    K18                  OBUF (Prop_obuf_I_O)         3.519    21.378 r  vgaBlue_OBUF[2]_inst/O
                         net (fo=0)                   0.000    21.378    vgaBlue[2]
    K18                                                               r  vgaBlue[2] (OUT)
  -------------------------------------------------------------------    -------------------

Slack:                    inf
  Source:                 LANES_INST/L0/y_arr_reg[0][7]/C
                            (rising edge-triggered cell FDCE clocked by sys_clk_pin  {rise@0.000ns fall@5.000ns period=10.000ns})
  Destination:            vgaGreen[2]
                            (output port)
  Path Group:             (none)
  Path Type:              Max at Slow Process Corner
  Data Path Delay:        16.273ns  (logic 5.818ns (35.754%)  route 10.455ns (64.246%))
  Logic Levels:           8  (CARRY4=1 LUT4=1 LUT5=2 LUT6=3 OBUF=1)
  Clock Uncertainty:      0.025ns  ((TSJ^2 + TIJ^2)^1/2 + DJ) / 2 + PE
    Total System Jitter     (TSJ):    0.050ns
    Total Input Jitter      (TIJ):    0.000ns
    Discrete Jitter          (DJ):    0.000ns
    Phase Error              (PE):    0.000ns

    Location             Delay type                Incr(ns)  Path(ns)    Netlist Resource(s)
  -------------------------------------------------------------------    -------------------
                         (clock sys_clk_pin rise edge)
                                                      0.000     0.000 r  
    W5                                                0.000     0.000 r  clk (IN)
                         net (fo=0)                   0.000     0.000    clk
    W5                   IBUF (Prop_ibuf_I_O)         1.458     1.458 r  clk_IBUF_inst/O
                         net (fo=1, routed)           1.967     3.425    clk_IBUF
    BUFGCTRL_X0Y0        BUFG (Prop_bufg_I_O)         0.096     3.521 r  clk_IBUF_BUFG_inst/O
                         net (fo=505, routed)         1.555     5.076    LANES_INST/L0/clk_IBUF_BUFG
    SLICE_X14Y59         FDCE                                         r  LANES_INST/L0/y_arr_reg[0][7]/C
  -------------------------------------------------------------------    -------------------
    SLICE_X14Y59         FDCE (Prop_fdce_C_Q)         0.478     5.554 r  LANES_INST/L0/y_arr_reg[0][7]/Q
                         net (fo=21, routed)          2.111     7.664    LANES_INST/L0/Q[7]
    SLICE_X9Y62          LUT4 (Prop_lut4_I0_O)        0.327     7.991 r  LANES_INST/L0/vgaRed_OBUF[3]_inst_i_273/O
                         net (fo=2, routed)           1.045     9.036    LANES_INST/L0/vgaRed_OBUF[3]_inst_i_273_n_0
    SLICE_X7Y62          LUT5 (Prop_lut5_I3_O)        0.326     9.362 r  LANES_INST/L0/vgaRed_OBUF[3]_inst_i_105/O
                         net (fo=1, routed)           0.000     9.362    LANES_INST/L0/vgaRed_OBUF[3]_inst_i_105_n_0
    SLICE_X7Y62          CARRY4 (Prop_carry4_S[0]_CO[1])
                                                      0.457     9.819 f  LANES_INST/L0/vgaRed_OBUF[3]_inst_i_45/CO[1]
                         net (fo=1, routed)           0.940    10.759    LANES_INST/L0/VGA_RENDER_INST/draw_note1
    SLICE_X6Y60          LUT6 (Prop_lut6_I0_O)        0.329    11.088 r  LANES_INST/L0/vgaRed_OBUF[3]_inst_i_27/O
                         net (fo=1, routed)           1.541    12.629    VGA_SYNC_INST/vgaRed_OBUF[3]_inst_i_6_0
    SLICE_X6Y77          LUT5 (Prop_lut5_I1_O)        0.124    12.753 f  VGA_SYNC_INST/vgaRed_OBUF[3]_inst_i_13/O
                         net (fo=2, routed)           0.798    13.551    VGA_SYNC_INST/vgaRed_OBUF[3]_inst_i_13_n_0
    SLICE_X5Y77          LUT6 (Prop_lut6_I4_O)        0.124    13.675 f  VGA_SYNC_INST/vgaBlue_OBUF[3]_inst_i_3/O
                         net (fo=6, routed)           0.884    14.559    VGA_SYNC_INST/vgaBlue_OBUF[3]_inst_i_3_n_0
    SLICE_X2Y78          LUT6 (Prop_lut6_I5_O)        0.124    14.683 r  VGA_SYNC_INST/vgaGreen_OBUF[2]_inst_i_1/O
                         net (fo=2, routed)           3.136    17.819    vgaGreen_OBUF[0]
    G17                  OBUF (Prop_obuf_I_O)         3.529    21.349 r  vgaGreen_OBUF[2]_inst/O
                         net (fo=0)                   0.000    21.349    vgaGreen[2]
    G17                                                               r  vgaGreen[2] (OUT)
  -------------------------------------------------------------------    -------------------

Slack:                    inf
  Source:                 LANES_INST/L0/y_arr_reg[0][7]/C
                            (rising edge-triggered cell FDCE clocked by sys_clk_pin  {rise@0.000ns fall@5.000ns period=10.000ns})
  Destination:            vgaBlue[0]
                            (output port)
  Path Group:             (none)
  Path Type:              Max at Slow Process Corner
  Data Path Delay:        16.137ns  (logic 5.784ns (35.844%)  route 10.353ns (64.156%))
  Logic Levels:           8  (CARRY4=1 LUT4=1 LUT5=2 LUT6=3 OBUF=1)
  Clock Uncertainty:      0.025ns  ((TSJ^2 + TIJ^2)^1/2 + DJ) / 2 + PE
    Total System Jitter     (TSJ):    0.050ns
    Total Input Jitter      (TIJ):    0.000ns
    Discrete Jitter          (DJ):    0.000ns
    Phase Error              (PE):    0.000ns

    Location             Delay type                Incr(ns)  Path(ns)    Netlist Resource(s)
  -------------------------------------------------------------------    -------------------
                         (clock sys_clk_pin rise edge)
                                                      0.000     0.000 r  
    W5                                                0.000     0.000 r  clk (IN)
                         net (fo=0)                   0.000     0.000    clk
    W5                   IBUF (Prop_ibuf_I_O)         1.458     1.458 r  clk_IBUF_inst/O
                         net (fo=1, routed)           1.967     3.425    clk_IBUF
    BUFGCTRL_X0Y0        BUFG (Prop_bufg_I_O)         0.096     3.521 r  clk_IBUF_BUFG_inst/O
                         net (fo=505, routed)         1.555     5.076    LANES_INST/L0/clk_IBUF_BUFG
    SLICE_X14Y59         FDCE                                         r  LANES_INST/L0/y_arr_reg[0][7]/C
  -------------------------------------------------------------------    -------------------
    SLICE_X14Y59         FDCE (Prop_fdce_C_Q)         0.478     5.554 r  LANES_INST/L0/y_arr_reg[0][7]/Q
                         net (fo=21, routed)          2.111     7.664    LANES_INST/L0/Q[7]
    SLICE_X9Y62          LUT4 (Prop_lut4_I0_O)        0.327     7.991 r  LANES_INST/L0/vgaRed_OBUF[3]_inst_i_273/O
                         net (fo=2, routed)           1.045     9.036    LANES_INST/L0/vgaRed_OBUF[3]_inst_i_273_n_0
    SLICE_X7Y62          LUT5 (Prop_lut5_I3_O)        0.326     9.362 r  LANES_INST/L0/vgaRed_OBUF[3]_inst_i_105/O
                         net (fo=1, routed)           0.000     9.362    LANES_INST/L0/vgaRed_OBUF[3]_inst_i_105_n_0
    SLICE_X7Y62          CARRY4 (Prop_carry4_S[0]_CO[1])
                                                      0.457     9.819 f  LANES_INST/L0/vgaRed_OBUF[3]_inst_i_45/CO[1]
                         net (fo=1, routed)           0.940    10.759    LANES_INST/L0/VGA_RENDER_INST/draw_note1
    SLICE_X6Y60          LUT6 (Prop_lut6_I0_O)        0.329    11.088 r  LANES_INST/L0/vgaRed_OBUF[3]_inst_i_27/O
                         net (fo=1, routed)           1.541    12.629    VGA_SYNC_INST/vgaRed_OBUF[3]_inst_i_6_0
    SLICE_X6Y77          LUT5 (Prop_lut5_I1_O)        0.124    12.753 f  VGA_SYNC_INST/vgaRed_OBUF[3]_inst_i_13/O
                         net (fo=2, routed)           0.798    13.551    VGA_SYNC_INST/vgaRed_OBUF[3]_inst_i_13_n_0
    SLICE_X5Y77          LUT6 (Prop_lut6_I4_O)        0.124    13.675 f  VGA_SYNC_INST/vgaBlue_OBUF[3]_inst_i_3/O
                         net (fo=6, routed)           0.712    14.387    VGA_SYNC_INST/vgaBlue_OBUF[3]_inst_i_3_n_0
    SLICE_X3Y78          LUT6 (Prop_lut6_I5_O)        0.124    14.511 r  VGA_SYNC_INST/vgaBlue_OBUF[2]_inst_i_1/O
                         net (fo=2, routed)           3.207    17.718    vgaBlue_OBUF[0]
    N18                  OBUF (Prop_obuf_I_O)         3.495    21.213 r  vgaBlue_OBUF[0]_inst/O
                         net (fo=0)                   0.000    21.213    vgaBlue[0]
    N18                                                               r  vgaBlue[0] (OUT)
  -------------------------------------------------------------------    -------------------

Slack:                    inf
  Source:                 LANES_INST/L0/y_arr_reg[0][7]/C
                            (rising edge-triggered cell FDCE clocked by sys_clk_pin  {rise@0.000ns fall@5.000ns period=10.000ns})
  Destination:            vgaGreen[3]
                            (output port)
  Path Group:             (none)
  Path Type:              Max at Slow Process Corner
  Data Path Delay:        15.873ns  (logic 5.819ns (36.663%)  route 10.054ns (63.337%))
  Logic Levels:           8  (CARRY4=1 LUT4=1 LUT5=2 LUT6=3 OBUF=1)
  Clock Uncertainty:      0.025ns  ((TSJ^2 + TIJ^2)^1/2 + DJ) / 2 + PE
    Total System Jitter     (TSJ):    0.050ns
    Total Input Jitter      (TIJ):    0.000ns
    Discrete Jitter          (DJ):    0.000ns
    Phase Error              (PE):    0.000ns

    Location             Delay type                Incr(ns)  Path(ns)    Netlist Resource(s)
  -------------------------------------------------------------------    -------------------
                         (clock sys_clk_pin rise edge)
                                                      0.000     0.000 r  
    W5                                                0.000     0.000 r  clk (IN)
                         net (fo=0)                   0.000     0.000    clk
    W5                   IBUF (Prop_ibuf_I_O)         1.458     1.458 r  clk_IBUF_inst/O
                         net (fo=1, routed)           1.967     3.425    clk_IBUF
    BUFGCTRL_X0Y0        BUFG (Prop_bufg_I_O)         0.096     3.521 r  clk_IBUF_BUFG_inst/O
                         net (fo=505, routed)         1.555     5.076    LANES_INST/L0/clk_IBUF_BUFG
    SLICE_X14Y59         FDCE                                         r  LANES_INST/L0/y_arr_reg[0][7]/C
  -------------------------------------------------------------------    -------------------
    SLICE_X14Y59         FDCE (Prop_fdce_C_Q)         0.478     5.554 r  LANES_INST/L0/y_arr_reg[0][7]/Q
                         net (fo=21, routed)          2.111     7.664    LANES_INST/L0/Q[7]
    SLICE_X9Y62          LUT4 (Prop_lut4_I0_O)        0.327     7.991 r  LANES_INST/L0/vgaRed_OBUF[3]_inst_i_273/O
                         net (fo=2, routed)           1.045     9.036    LANES_INST/L0/vgaRed_OBUF[3]_inst_i_273_n_0
    SLICE_X7Y62          LUT5 (Prop_lut5_I3_O)        0.326     9.362 r  LANES_INST/L0/vgaRed_OBUF[3]_inst_i_105/O
                         net (fo=1, routed)           0.000     9.362    LANES_INST/L0/vgaRed_OBUF[3]_inst_i_105_n_0
    SLICE_X7Y62          CARRY4 (Prop_carry4_S[0]_CO[1])
                                                      0.457     9.819 f  LANES_INST/L0/vgaRed_OBUF[3]_inst_i_45/CO[1]
                         net (fo=1, routed)           0.940    10.759    LANES_INST/L0/VGA_RENDER_INST/draw_note1
    SLICE_X6Y60          LUT6 (Prop_lut6_I0_O)        0.329    11.088 r  LANES_INST/L0/vgaRed_OBUF[3]_inst_i_27/O
                         net (fo=1, routed)           1.541    12.629    VGA_SYNC_INST/vgaRed_OBUF[3]_inst_i_6_0
    SLICE_X6Y77          LUT5 (Prop_lut5_I1_O)        0.124    12.753 f  VGA_SYNC_INST/vgaRed_OBUF[3]_inst_i_13/O
                         net (fo=2, routed)           0.798    13.551    VGA_SYNC_INST/vgaRed_OBUF[3]_inst_i_13_n_0
    SLICE_X5Y77          LUT6 (Prop_lut6_I4_O)        0.124    13.675 f  VGA_SYNC_INST/vgaBlue_OBUF[3]_inst_i_3/O
                         net (fo=6, routed)           0.903    14.578    VGA_SYNC_INST/vgaBlue_OBUF[3]_inst_i_3_n_0
    SLICE_X2Y78          LUT6 (Prop_lut6_I5_O)        0.124    14.702 r  VGA_SYNC_INST/vgaGreen_OBUF[3]_inst_i_1/O
                         net (fo=1, routed)           2.716    17.418    vgaGreen_OBUF[3]
    D17                  OBUF (Prop_obuf_I_O)         3.530    20.949 r  vgaGreen_OBUF[3]_inst/O
                         net (fo=0)                   0.000    20.949    vgaGreen[3]
    D17                                                               r  vgaGreen[3] (OUT)
  -------------------------------------------------------------------    -------------------





Min Delay Paths
--------------------------------------------------------------------------------------
Slack:                    inf
  Source:                 FSM_INST/FSM_onehot_current_state_reg[2]/C
                            (rising edge-triggered cell FDRE clocked by sys_clk_pin  {rise@0.000ns fall@5.000ns period=10.000ns})
  Destination:            FSM_INST/game_state_reg[1]/D
  Path Group:             (none)
  Path Type:              Min at Fast Process Corner
  Data Path Delay:        0.375ns  (logic 0.164ns (43.741%)  route 0.211ns (56.259%))
  Logic Levels:           0  
  Clock Uncertainty:      0.025ns  ((TSJ^2 + TIJ^2)^1/2 + DJ) / 2 + PE
    Total System Jitter     (TSJ):    0.050ns
    Total Input Jitter      (TIJ):    0.000ns
    Discrete Jitter          (DJ):    0.000ns
    Phase Error              (PE):    0.000ns

    Location             Delay type                Incr(ns)  Path(ns)    Netlist Resource(s)
  -------------------------------------------------------------------    -------------------
                         (clock sys_clk_pin rise edge)
                                                      0.000     0.000 r  
    W5                                                0.000     0.000 r  clk (IN)
                         net (fo=0)                   0.000     0.000    clk
    W5                   IBUF (Prop_ibuf_I_O)         0.226     0.226 r  clk_IBUF_inst/O
                         net (fo=1, routed)           0.631     0.858    clk_IBUF
    BUFGCTRL_X0Y0        BUFG (Prop_bufg_I_O)         0.026     0.884 r  clk_IBUF_BUFG_inst/O
                         net (fo=505, routed)         0.586     1.469    FSM_INST/clk_IBUF_BUFG
    SLICE_X2Y81          FDRE                                         r  FSM_INST/FSM_onehot_current_state_reg[2]/C
  -------------------------------------------------------------------    -------------------
    SLICE_X2Y81          FDRE (Prop_fdre_C_Q)         0.164     1.633 r  FSM_INST/FSM_onehot_current_state_reg[2]/Q
                         net (fo=5, routed)           0.211     1.844    FSM_INST/current_state_reg[1]
    SLICE_X3Y81          LDCE                                         r  FSM_INST/game_state_reg[1]/D
  -------------------------------------------------------------------    -------------------

Slack:                    inf
  Source:                 FSM_INST/FSM_onehot_current_state_reg[1]/C
                            (rising edge-triggered cell FDRE clocked by sys_clk_pin  {rise@0.000ns fall@5.000ns period=10.000ns})
  Destination:            FSM_INST/game_state_reg[0]/D
  Path Group:             (none)
  Path Type:              Min at Fast Process Corner
  Data Path Delay:        0.572ns  (logic 0.164ns (28.674%)  route 0.408ns (71.326%))
  Logic Levels:           0  
  Clock Uncertainty:      0.025ns  ((TSJ^2 + TIJ^2)^1/2 + DJ) / 2 + PE
    Total System Jitter     (TSJ):    0.050ns
    Total Input Jitter      (TIJ):    0.000ns
    Discrete Jitter          (DJ):    0.000ns
    Phase Error              (PE):    0.000ns

    Location             Delay type                Incr(ns)  Path(ns)    Netlist Resource(s)
  -------------------------------------------------------------------    -------------------
                         (clock sys_clk_pin rise edge)
                                                      0.000     0.000 r  
    W5                                                0.000     0.000 r  clk (IN)
                         net (fo=0)                   0.000     0.000    clk
    W5                   IBUF (Prop_ibuf_I_O)         0.226     0.226 r  clk_IBUF_inst/O
                         net (fo=1, routed)           0.631     0.858    clk_IBUF
    BUFGCTRL_X0Y0        BUFG (Prop_bufg_I_O)         0.026     0.884 r  clk_IBUF_BUFG_inst/O
                         net (fo=505, routed)         0.586     1.469    FSM_INST/clk_IBUF_BUFG
    SLICE_X2Y81          FDRE                                         r  FSM_INST/FSM_onehot_current_state_reg[1]/C
  -------------------------------------------------------------------    -------------------
    SLICE_X2Y81          FDRE (Prop_fdre_C_Q)         0.164     1.633 r  FSM_INST/FSM_onehot_current_state_reg[1]/Q
                         net (fo=5, routed)           0.408     2.041    FSM_INST/current_state_reg[0]
    SLICE_X3Y81          LDCE                                         r  FSM_INST/game_state_reg[0]/D
  -------------------------------------------------------------------    -------------------

Slack:                    inf
  Source:                 DEB_1/btn_out_reg/C
                            (rising edge-triggered cell FDRE clocked by sys_clk_pin  {rise@0.000ns fall@5.000ns period=10.000ns})
  Destination:            led[1]
                            (output port)
  Path Group:             (none)
  Path Type:              Min at Fast Process Corner
  Data Path Delay:        2.163ns  (logic 1.372ns (63.406%)  route 0.792ns (36.594%))
  Logic Levels:           1  (OBUF=1)
  Clock Uncertainty:      0.025ns  ((TSJ^2 + TIJ^2)^1/2 + DJ) / 2 + PE
    Total System Jitter     (TSJ):    0.050ns
    Total Input Jitter      (TIJ):    0.000ns
    Discrete Jitter          (DJ):    0.000ns
    Phase Error              (PE):    0.000ns

    Location             Delay type                Incr(ns)  Path(ns)    Netlist Resource(s)
  -------------------------------------------------------------------    -------------------
                         (clock sys_clk_pin rise edge)
                                                      0.000     0.000 r  
    W5                                                0.000     0.000 r  clk (IN)
                         net (fo=0)                   0.000     0.000    clk
    W5                   IBUF (Prop_ibuf_I_O)         0.226     0.226 r  clk_IBUF_inst/O
                         net (fo=1, routed)           0.631     0.858    clk_IBUF
    BUFGCTRL_X0Y0        BUFG (Prop_bufg_I_O)         0.026     0.884 r  clk_IBUF_BUFG_inst/O
                         net (fo=505, routed)         0.580     1.463    DEB_1/clk_IBUF_BUFG
    SLICE_X3Y74          FDRE                                         r  DEB_1/btn_out_reg/C
  -------------------------------------------------------------------    -------------------
    SLICE_X3Y74          FDRE (Prop_fdre_C_Q)         0.141     1.604 r  DEB_1/btn_out_reg/Q
                         net (fo=6, routed)           0.792     2.396    led_OBUF[1]
    E19                  OBUF (Prop_obuf_I_O)         1.231     3.626 r  led_OBUF[1]_inst/O
                         net (fo=0)                   0.000     3.626    led[1]
    E19                                                               r  led[1] (OUT)
  -------------------------------------------------------------------    -------------------

Slack:                    inf
  Source:                 DEB_2/btn_out_reg/C
                            (rising edge-triggered cell FDRE clocked by sys_clk_pin  {rise@0.000ns fall@5.000ns period=10.000ns})
  Destination:            led[2]
                            (output port)
  Path Group:             (none)
  Path Type:              Min at Fast Process Corner
  Data Path Delay:        2.219ns  (logic 1.343ns (60.531%)  route 0.876ns (39.469%))
  Logic Levels:           1  (OBUF=1)
  Clock Uncertainty:      0.025ns  ((TSJ^2 + TIJ^2)^1/2 + DJ) / 2 + PE
    Total System Jitter     (TSJ):    0.050ns
    Total Input Jitter      (TIJ):    0.000ns
    Discrete Jitter          (DJ):    0.000ns
    Phase Error              (PE):    0.000ns

    Location             Delay type                Incr(ns)  Path(ns)    Netlist Resource(s)
  -------------------------------------------------------------------    -------------------
                         (clock sys_clk_pin rise edge)
                                                      0.000     0.000 r  
    W5                                                0.000     0.000 r  clk (IN)
                         net (fo=0)                   0.000     0.000    clk
    W5                   IBUF (Prop_ibuf_I_O)         0.226     0.226 r  clk_IBUF_inst/O
                         net (fo=1, routed)           0.631     0.858    clk_IBUF
    BUFGCTRL_X0Y0        BUFG (Prop_bufg_I_O)         0.026     0.884 r  clk_IBUF_BUFG_inst/O
                         net (fo=505, routed)         0.593     1.476    DEB_2/clk_IBUF_BUFG
    SLICE_X3Y54          FDRE                                         r  DEB_2/btn_out_reg/C
  -------------------------------------------------------------------    -------------------
    SLICE_X3Y54          FDRE (Prop_fdre_C_Q)         0.141     1.617 r  DEB_2/btn_out_reg/Q
                         net (fo=6, routed)           0.876     2.493    led_OBUF[2]
    U19                  OBUF (Prop_obuf_I_O)         1.202     3.695 r  led_OBUF[2]_inst/O
                         net (fo=0)                   0.000     3.695    led[2]
    U19                                                               r  led[2] (OUT)
  -------------------------------------------------------------------    -------------------

Slack:                    inf
  Source:                 UART_TX_INST/tx_reg_reg/C
                            (rising edge-triggered cell FDRE clocked by sys_clk_pin  {rise@0.000ns fall@5.000ns period=10.000ns})
  Destination:            tx_line
                            (output port)
  Path Group:             (none)
  Path Type:              Min at Fast Process Corner
  Data Path Delay:        2.295ns  (logic 1.350ns (58.819%)  route 0.945ns (41.181%))
  Logic Levels:           1  (OBUF=1)
  Clock Uncertainty:      0.025ns  ((TSJ^2 + TIJ^2)^1/2 + DJ) / 2 + PE
    Total System Jitter     (TSJ):    0.050ns
    Total Input Jitter      (TIJ):    0.000ns
    Discrete Jitter          (DJ):    0.000ns
    Phase Error              (PE):    0.000ns

    Location             Delay type                Incr(ns)  Path(ns)    Netlist Resource(s)
  -------------------------------------------------------------------    -------------------
                         (clock sys_clk_pin rise edge)
                                                      0.000     0.000 r  
    W5                                                0.000     0.000 r  clk (IN)
                         net (fo=0)                   0.000     0.000    clk
    W5                   IBUF (Prop_ibuf_I_O)         0.226     0.226 r  clk_IBUF_inst/O
                         net (fo=1, routed)           0.631     0.858    clk_IBUF
    BUFGCTRL_X0Y0        BUFG (Prop_bufg_I_O)         0.026     0.884 r  clk_IBUF_BUFG_inst/O
                         net (fo=505, routed)         0.584     1.467    UART_TX_INST/clk_IBUF_BUFG
    SLICE_X0Y70          FDRE                                         r  UART_TX_INST/tx_reg_reg/C
  -------------------------------------------------------------------    -------------------
    SLICE_X0Y70          FDRE (Prop_fdre_C_Q)         0.141     1.608 r  UART_TX_INST/tx_reg_reg/Q
                         net (fo=1, routed)           0.945     2.553    tx_line_OBUF
    M18                  OBUF (Prop_obuf_I_O)         1.209     3.762 r  tx_line_OBUF_inst/O
                         net (fo=0)                   0.000     3.762    tx_line
    M18                                                               r  tx_line (OUT)
  -------------------------------------------------------------------    -------------------

Slack:                    inf
  Source:                 LED_FB_INST/led_good_reg/C
                            (rising edge-triggered cell FDRE clocked by sys_clk_pin  {rise@0.000ns fall@5.000ns period=10.000ns})
  Destination:            led[14]
                            (output port)
  Path Group:             (none)
  Path Type:              Min at Fast Process Corner
  Data Path Delay:        2.410ns  (logic 1.380ns (57.269%)  route 1.030ns (42.731%))
  Logic Levels:           1  (OBUF=1)
  Clock Uncertainty:      0.025ns  ((TSJ^2 + TIJ^2)^1/2 + DJ) / 2 + PE
    Total System Jitter     (TSJ):    0.050ns
    Total Input Jitter      (TIJ):    0.000ns
    Discrete Jitter          (DJ):    0.000ns
    Phase Error              (PE):    0.000ns

    Location             Delay type                Incr(ns)  Path(ns)    Netlist Resource(s)
  -------------------------------------------------------------------    -------------------
                         (clock sys_clk_pin rise edge)
                                                      0.000     0.000 r  
    W5                                                0.000     0.000 r  clk (IN)
                         net (fo=0)                   0.000     0.000    clk
    W5                   IBUF (Prop_ibuf_I_O)         0.226     0.226 r  clk_IBUF_inst/O
                         net (fo=1, routed)           0.631     0.858    clk_IBUF
    BUFGCTRL_X0Y0        BUFG (Prop_bufg_I_O)         0.026     0.884 r  clk_IBUF_BUFG_inst/O
                         net (fo=505, routed)         0.560     1.443    LED_FB_INST/clk_IBUF_BUFG
    SLICE_X12Y63         FDRE                                         r  LED_FB_INST/led_good_reg/C
  -------------------------------------------------------------------    -------------------
    SLICE_X12Y63         FDRE (Prop_fdre_C_Q)         0.164     1.607 r  LED_FB_INST/led_good_reg/Q
                         net (fo=1, routed)           1.030     2.637    led_OBUF[14]
    P1                   OBUF (Prop_obuf_I_O)         1.216     3.854 r  led_OBUF[14]_inst/O
                         net (fo=0)                   0.000     3.854    led[14]
    P1                                                                r  led[14] (OUT)
  -------------------------------------------------------------------    -------------------

Slack:                    inf
  Source:                 LED_FB_INST/led_perfect_reg/C
                            (rising edge-triggered cell FDRE clocked by sys_clk_pin  {rise@0.000ns fall@5.000ns period=10.000ns})
  Destination:            led[15]
                            (output port)
  Path Group:             (none)
  Path Type:              Min at Fast Process Corner
  Data Path Delay:        2.457ns  (logic 1.363ns (55.488%)  route 1.094ns (44.512%))
  Logic Levels:           1  (OBUF=1)
  Clock Uncertainty:      0.025ns  ((TSJ^2 + TIJ^2)^1/2 + DJ) / 2 + PE
    Total System Jitter     (TSJ):    0.050ns
    Total Input Jitter      (TIJ):    0.000ns
    Discrete Jitter          (DJ):    0.000ns
    Phase Error              (PE):    0.000ns

    Location             Delay type                Incr(ns)  Path(ns)    Netlist Resource(s)
  -------------------------------------------------------------------    -------------------
                         (clock sys_clk_pin rise edge)
                                                      0.000     0.000 r  
    W5                                                0.000     0.000 r  clk (IN)
                         net (fo=0)                   0.000     0.000    clk
    W5                   IBUF (Prop_ibuf_I_O)         0.226     0.226 r  clk_IBUF_inst/O
                         net (fo=1, routed)           0.631     0.858    clk_IBUF
    BUFGCTRL_X0Y0        BUFG (Prop_bufg_I_O)         0.026     0.884 r  clk_IBUF_BUFG_inst/O
                         net (fo=505, routed)         0.556     1.439    LED_FB_INST/clk_IBUF_BUFG
    SLICE_X11Y80         FDRE                                         r  LED_FB_INST/led_perfect_reg/C
  -------------------------------------------------------------------    -------------------
    SLICE_X11Y80         FDRE (Prop_fdre_C_Q)         0.141     1.580 r  LED_FB_INST/led_perfect_reg/Q
                         net (fo=1, routed)           1.094     2.674    led_OBUF[15]
    L1                   OBUF (Prop_obuf_I_O)         1.222     3.896 r  led_OBUF[15]_inst/O
                         net (fo=0)                   0.000     3.896    led[15]
    L1                                                                r  led[15] (OUT)
  -------------------------------------------------------------------    -------------------

Slack:                    inf
  Source:                 DEB_3/btn_out_reg/C
                            (rising edge-triggered cell FDRE clocked by sys_clk_pin  {rise@0.000ns fall@5.000ns period=10.000ns})
  Destination:            led[3]
                            (output port)
  Path Group:             (none)
  Path Type:              Min at Fast Process Corner
  Data Path Delay:        2.457ns  (logic 1.351ns (54.991%)  route 1.106ns (45.009%))
  Logic Levels:           1  (OBUF=1)
  Clock Uncertainty:      0.025ns  ((TSJ^2 + TIJ^2)^1/2 + DJ) / 2 + PE
    Total System Jitter     (TSJ):    0.050ns
    Total Input Jitter      (TIJ):    0.000ns
    Discrete Jitter          (DJ):    0.000ns
    Phase Error              (PE):    0.000ns

    Location             Delay type                Incr(ns)  Path(ns)    Netlist Resource(s)
  -------------------------------------------------------------------    -------------------
                         (clock sys_clk_pin rise edge)
                                                      0.000     0.000 r  
    W5                                                0.000     0.000 r  clk (IN)
                         net (fo=0)                   0.000     0.000    clk
    W5                   IBUF (Prop_ibuf_I_O)         0.226     0.226 r  clk_IBUF_inst/O
                         net (fo=1, routed)           0.631     0.858    clk_IBUF
    BUFGCTRL_X0Y0        BUFG (Prop_bufg_I_O)         0.026     0.884 r  clk_IBUF_BUFG_inst/O
                         net (fo=505, routed)         0.586     1.469    DEB_3/clk_IBUF_BUFG
    SLICE_X3Y68          FDRE                                         r  DEB_3/btn_out_reg/C
  -------------------------------------------------------------------    -------------------
    SLICE_X3Y68          FDRE (Prop_fdre_C_Q)         0.141     1.610 r  DEB_3/btn_out_reg/Q
                         net (fo=6, routed)           1.106     2.716    led_OBUF[3]
    V19                  OBUF (Prop_obuf_I_O)         1.210     3.926 r  led_OBUF[3]_inst/O
                         net (fo=0)                   0.000     3.926    led[3]
    V19                                                               r  led[3] (OUT)
  -------------------------------------------------------------------    -------------------

Slack:                    inf
  Source:                 SEG_INST/refresh_counter_reg[18]/C
                            (rising edge-triggered cell FDRE clocked by sys_clk_pin  {rise@0.000ns fall@5.000ns period=10.000ns})
  Destination:            seg[4]
                            (output port)
  Path Group:             (none)
  Path Type:              Min at Fast Process Corner
  Data Path Delay:        2.626ns  (logic 1.442ns (54.924%)  route 1.184ns (45.076%))
  Logic Levels:           3  (LUT6=2 OBUF=1)
  Clock Uncertainty:      0.025ns  ((TSJ^2 + TIJ^2)^1/2 + DJ) / 2 + PE
    Total System Jitter     (TSJ):    0.050ns
    Total Input Jitter      (TIJ):    0.000ns
    Discrete Jitter          (DJ):    0.000ns
    Phase Error              (PE):    0.000ns

    Location             Delay type                Incr(ns)  Path(ns)    Netlist Resource(s)
  -------------------------------------------------------------------    -------------------
                         (clock sys_clk_pin rise edge)
                                                      0.000     0.000 r  
    W5                                                0.000     0.000 r  clk (IN)
                         net (fo=0)                   0.000     0.000    clk
    W5                   IBUF (Prop_ibuf_I_O)         0.226     0.226 r  clk_IBUF_inst/O
                         net (fo=1, routed)           0.631     0.858    clk_IBUF
    BUFGCTRL_X0Y0        BUFG (Prop_bufg_I_O)         0.026     0.884 r  clk_IBUF_BUFG_inst/O
                         net (fo=505, routed)         0.557     1.440    SEG_INST/clk_IBUF_BUFG
    SLICE_X13Y81         FDRE                                         r  SEG_INST/refresh_counter_reg[18]/C
  -------------------------------------------------------------------    -------------------
    SLICE_X13Y81         FDRE (Prop_fdre_C_Q)         0.141     1.581 f  SEG_INST/refresh_counter_reg[18]/Q
                         net (fo=14, routed)          0.189     1.770    SCORE_INST/active_digit[0]
    SLICE_X14Y84         LUT6 (Prop_lut6_I0_O)        0.045     1.815 r  SCORE_INST/seg_OBUF[4]_inst_i_3/O
                         net (fo=3, routed)           0.066     1.881    SCORE_INST/seg_OBUF[4]_inst_i_3_n_0
    SLICE_X14Y84         LUT6 (Prop_lut6_I3_O)        0.045     1.926 r  SCORE_INST/seg_OBUF[4]_inst_i_1/O
                         net (fo=1, routed)           0.929     2.855    seg_OBUF[4]
    K3                   OBUF (Prop_obuf_I_O)         1.211     4.067 r  seg_OBUF[4]_inst/O
                         net (fo=0)                   0.000     4.067    seg[4]
    K3                                                                r  seg[4] (OUT)
  -------------------------------------------------------------------    -------------------

Slack:                    inf
  Source:                 SEG_INST/refresh_counter_reg[18]/C
                            (rising edge-triggered cell FDRE clocked by sys_clk_pin  {rise@0.000ns fall@5.000ns period=10.000ns})
  Destination:            seg[0]
                            (output port)
  Path Group:             (none)
  Path Type:              Min at Fast Process Corner
  Data Path Delay:        2.732ns  (logic 1.436ns (52.539%)  route 1.297ns (47.461%))
  Logic Levels:           3  (LUT6=2 OBUF=1)
  Clock Uncertainty:      0.025ns  ((TSJ^2 + TIJ^2)^1/2 + DJ) / 2 + PE
    Total System Jitter     (TSJ):    0.050ns
    Total Input Jitter      (TIJ):    0.000ns
    Discrete Jitter          (DJ):    0.000ns
    Phase Error              (PE):    0.000ns

    Location             Delay type                Incr(ns)  Path(ns)    Netlist Resource(s)
  -------------------------------------------------------------------    -------------------
                         (clock sys_clk_pin rise edge)
                                                      0.000     0.000 r  
    W5                                                0.000     0.000 r  clk (IN)
                         net (fo=0)                   0.000     0.000    clk
    W5                   IBUF (Prop_ibuf_I_O)         0.226     0.226 r  clk_IBUF_inst/O
                         net (fo=1, routed)           0.631     0.858    clk_IBUF
    BUFGCTRL_X0Y0        BUFG (Prop_bufg_I_O)         0.026     0.884 r  clk_IBUF_BUFG_inst/O
                         net (fo=505, routed)         0.557     1.440    SEG_INST/clk_IBUF_BUFG
    SLICE_X13Y81         FDRE                                         r  SEG_INST/refresh_counter_reg[18]/C
  -------------------------------------------------------------------    -------------------
    SLICE_X13Y81         FDRE (Prop_fdre_C_Q)         0.141     1.581 r  SEG_INST/refresh_counter_reg[18]/Q
                         net (fo=14, routed)          0.148     1.729    SCORE_INST/active_digit[0]
    SLICE_X12Y83         LUT6 (Prop_lut6_I4_O)        0.045     1.774 r  SCORE_INST/seg_OBUF[6]_inst_i_4/O
                         net (fo=7, routed)           0.164     1.937    SCORE_INST/seg_OBUF[6]_inst_i_4_n_0
    SLICE_X14Y84         LUT6 (Prop_lut6_I0_O)        0.045     1.982 r  SCORE_INST/seg_OBUF[0]_inst_i_1/O
                         net (fo=1, routed)           0.986     2.968    seg_OBUF[0]
    J3                   OBUF (Prop_obuf_I_O)         1.205     4.173 r  seg_OBUF[0]_inst/O
                         net (fo=0)                   0.000     4.173    seg[0]
    J3                                                                r  seg[0] (OUT)
  -------------------------------------------------------------------    -------------------





--------------------------------------------------------------------------------------
Path Group:  (none)
From Clock:  
  To Clock:  sys_clk_pin

Max Delay           254 Endpoints
Min Delay           254 Endpoints
--------------------------------------------------------------------------------------


Max Delay Paths
--------------------------------------------------------------------------------------
Slack:                    inf
  Source:                 FSM_INST/game_state_reg[1]/G
                            (positive level-sensitive latch)
  Destination:            LANES_INST/L2/y_arr_reg[1][0]/CLR
                            (recovery check against rising-edge clock sys_clk_pin  {rise@0.000ns fall@5.000ns period=10.000ns})
  Path Group:             (none)
  Path Type:              Recovery (Max at Slow Process Corner)
  Data Path Delay:        6.533ns  (logic 0.711ns (10.883%)  route 5.822ns (89.117%))
  Logic Levels:           2  (LDCE=1 LUT2=1)
  Clock Uncertainty:      0.025ns  ((TSJ^2 + TIJ^2)^1/2 + DJ) / 2 + PE
    Total System Jitter     (TSJ):    0.050ns
    Total Input Jitter      (TIJ):    0.000ns
    Discrete Jitter          (DJ):    0.000ns
    Phase Error              (PE):    0.000ns

    Location             Delay type                Incr(ns)  Path(ns)    Netlist Resource(s)
  -------------------------------------------------------------------    -------------------
    SLICE_X3Y81          LDCE                         0.000     0.000 r  FSM_INST/game_state_reg[1]/G
    SLICE_X3Y81          LDCE (EnToQ_ldce_G_Q)        0.559     0.559 r  FSM_INST/game_state_reg[1]/Q
                         net (fo=10, routed)          0.829     1.388    FSM_INST/Q[1]
    SLICE_X3Y79          LUT2 (Prop_lut2_I0_O)        0.152     1.540 f  FSM_INST/spawn_prev_i_1/O
                         net (fo=214, routed)         4.993     6.533    LANES_INST/L2/reset
    SLICE_X0Y48          FDCE                                         f  LANES_INST/L2/y_arr_reg[1][0]/CLR
  -------------------------------------------------------------------    -------------------

                         (clock sys_clk_pin rise edge)
                                                      0.000     0.000 r  
    W5                                                0.000     0.000 r  clk (IN)
                         net (fo=0)                   0.000     0.000    clk
    W5                   IBUF (Prop_ibuf_I_O)         1.388     1.388 r  clk_IBUF_inst/O
                         net (fo=1, routed)           1.862     3.250    clk_IBUF
    BUFGCTRL_X0Y0        BUFG (Prop_bufg_I_O)         0.091     3.341 r  clk_IBUF_BUFG_inst/O
                         net (fo=505, routed)         1.520     4.861    LANES_INST/L2/clk_IBUF_BUFG
    SLICE_X0Y48          FDCE                                         r  LANES_INST/L2/y_arr_reg[1][0]/C

Slack:                    inf
  Source:                 FSM_INST/game_state_reg[1]/G
                            (positive level-sensitive latch)
  Destination:            LANES_INST/L2/y_arr_reg[1][0]_replica/CLR
                            (recovery check against rising-edge clock sys_clk_pin  {rise@0.000ns fall@5.000ns period=10.000ns})
  Path Group:             (none)
  Path Type:              Recovery (Max at Slow Process Corner)
  Data Path Delay:        6.533ns  (logic 0.711ns (10.883%)  route 5.822ns (89.117%))
  Logic Levels:           2  (LDCE=1 LUT2=1)
  Clock Uncertainty:      0.025ns  ((TSJ^2 + TIJ^2)^1/2 + DJ) / 2 + PE
    Total System Jitter     (TSJ):    0.050ns
    Total Input Jitter      (TIJ):    0.000ns
    Discrete Jitter          (DJ):    0.000ns
    Phase Error              (PE):    0.000ns

    Location             Delay type                Incr(ns)  Path(ns)    Netlist Resource(s)
  -------------------------------------------------------------------    -------------------
    SLICE_X3Y81          LDCE                         0.000     0.000 r  FSM_INST/game_state_reg[1]/G
    SLICE_X3Y81          LDCE (EnToQ_ldce_G_Q)        0.559     0.559 r  FSM_INST/game_state_reg[1]/Q
                         net (fo=10, routed)          0.829     1.388    FSM_INST/Q[1]
    SLICE_X3Y79          LUT2 (Prop_lut2_I0_O)        0.152     1.540 f  FSM_INST/spawn_prev_i_1/O
                         net (fo=214, routed)         4.993     6.533    LANES_INST/L2/reset
    SLICE_X0Y48          FDCE                                         f  LANES_INST/L2/y_arr_reg[1][0]_replica/CLR
  -------------------------------------------------------------------    -------------------

                         (clock sys_clk_pin rise edge)
                                                      0.000     0.000 r  
    W5                                                0.000     0.000 r  clk (IN)
                         net (fo=0)                   0.000     0.000    clk
    W5                   IBUF (Prop_ibuf_I_O)         1.388     1.388 r  clk_IBUF_inst/O
                         net (fo=1, routed)           1.862     3.250    clk_IBUF
    BUFGCTRL_X0Y0        BUFG (Prop_bufg_I_O)         0.091     3.341 r  clk_IBUF_BUFG_inst/O
                         net (fo=505, routed)         1.520     4.861    LANES_INST/L2/clk_IBUF_BUFG
    SLICE_X0Y48          FDCE                                         r  LANES_INST/L2/y_arr_reg[1][0]_replica/C

Slack:                    inf
  Source:                 FSM_INST/game_state_reg[1]/G
                            (positive level-sensitive latch)
  Destination:            LANES_INST/L2/y_arr_reg[1][7]/CLR
                            (recovery check against rising-edge clock sys_clk_pin  {rise@0.000ns fall@5.000ns period=10.000ns})
  Path Group:             (none)
  Path Type:              Recovery (Max at Slow Process Corner)
  Data Path Delay:        6.533ns  (logic 0.711ns (10.883%)  route 5.822ns (89.117%))
  Logic Levels:           2  (LDCE=1 LUT2=1)
  Clock Uncertainty:      0.025ns  ((TSJ^2 + TIJ^2)^1/2 + DJ) / 2 + PE
    Total System Jitter     (TSJ):    0.050ns
    Total Input Jitter      (TIJ):    0.000ns
    Discrete Jitter          (DJ):    0.000ns
    Phase Error              (PE):    0.000ns

    Location             Delay type                Incr(ns)  Path(ns)    Netlist Resource(s)
  -------------------------------------------------------------------    -------------------
    SLICE_X3Y81          LDCE                         0.000     0.000 r  FSM_INST/game_state_reg[1]/G
    SLICE_X3Y81          LDCE (EnToQ_ldce_G_Q)        0.559     0.559 r  FSM_INST/game_state_reg[1]/Q
                         net (fo=10, routed)          0.829     1.388    FSM_INST/Q[1]
    SLICE_X3Y79          LUT2 (Prop_lut2_I0_O)        0.152     1.540 f  FSM_INST/spawn_prev_i_1/O
                         net (fo=214, routed)         4.993     6.533    LANES_INST/L2/reset
    SLICE_X0Y48          FDCE                                         f  LANES_INST/L2/y_arr_reg[1][7]/CLR
  -------------------------------------------------------------------    -------------------

                         (clock sys_clk_pin rise edge)
                                                      0.000     0.000 r  
    W5                                                0.000     0.000 r  clk (IN)
                         net (fo=0)                   0.000     0.000    clk
    W5                   IBUF (Prop_ibuf_I_O)         1.388     1.388 r  clk_IBUF_inst/O
                         net (fo=1, routed)           1.862     3.250    clk_IBUF
    BUFGCTRL_X0Y0        BUFG (Prop_bufg_I_O)         0.091     3.341 r  clk_IBUF_BUFG_inst/O
                         net (fo=505, routed)         1.520     4.861    LANES_INST/L2/clk_IBUF_BUFG
    SLICE_X0Y48          FDCE                                         r  LANES_INST/L2/y_arr_reg[1][7]/C

Slack:                    inf
  Source:                 FSM_INST/game_state_reg[1]/G
                            (positive level-sensitive latch)
  Destination:            LANES_INST/L2/y_arr_reg[1][3]/CLR
                            (recovery check against rising-edge clock sys_clk_pin  {rise@0.000ns fall@5.000ns period=10.000ns})
  Path Group:             (none)
  Path Type:              Recovery (Max at Slow Process Corner)
  Data Path Delay:        6.529ns  (logic 0.711ns (10.891%)  route 5.818ns (89.109%))
  Logic Levels:           2  (LDCE=1 LUT2=1)
  Clock Uncertainty:      0.025ns  ((TSJ^2 + TIJ^2)^1/2 + DJ) / 2 + PE
    Total System Jitter     (TSJ):    0.050ns
    Total Input Jitter      (TIJ):    0.000ns
    Discrete Jitter          (DJ):    0.000ns
    Phase Error              (PE):    0.000ns

    Location             Delay type                Incr(ns)  Path(ns)    Netlist Resource(s)
  -------------------------------------------------------------------    -------------------
    SLICE_X3Y81          LDCE                         0.000     0.000 r  FSM_INST/game_state_reg[1]/G
    SLICE_X3Y81          LDCE (EnToQ_ldce_G_Q)        0.559     0.559 r  FSM_INST/game_state_reg[1]/Q
                         net (fo=10, routed)          0.829     1.388    FSM_INST/Q[1]
    SLICE_X3Y79          LUT2 (Prop_lut2_I0_O)        0.152     1.540 f  FSM_INST/spawn_prev_i_1/O
                         net (fo=214, routed)         4.989     6.529    LANES_INST/L2/reset
    SLICE_X1Y48          FDCE                                         f  LANES_INST/L2/y_arr_reg[1][3]/CLR
  -------------------------------------------------------------------    -------------------

                         (clock sys_clk_pin rise edge)
                                                      0.000     0.000 r  
    W5                                                0.000     0.000 r  clk (IN)
                         net (fo=0)                   0.000     0.000    clk
    W5                   IBUF (Prop_ibuf_I_O)         1.388     1.388 r  clk_IBUF_inst/O
                         net (fo=1, routed)           1.862     3.250    clk_IBUF
    BUFGCTRL_X0Y0        BUFG (Prop_bufg_I_O)         0.091     3.341 r  clk_IBUF_BUFG_inst/O
                         net (fo=505, routed)         1.520     4.861    LANES_INST/L2/clk_IBUF_BUFG
    SLICE_X1Y48          FDCE                                         r  LANES_INST/L2/y_arr_reg[1][3]/C

Slack:                    inf
  Source:                 FSM_INST/game_state_reg[1]/G
                            (positive level-sensitive latch)
  Destination:            LANES_INST/L2/y_arr_reg[1][3]_replica/CLR
                            (recovery check against rising-edge clock sys_clk_pin  {rise@0.000ns fall@5.000ns period=10.000ns})
  Path Group:             (none)
  Path Type:              Recovery (Max at Slow Process Corner)
  Data Path Delay:        6.529ns  (logic 0.711ns (10.891%)  route 5.818ns (89.109%))
  Logic Levels:           2  (LDCE=1 LUT2=1)
  Clock Uncertainty:      0.025ns  ((TSJ^2 + TIJ^2)^1/2 + DJ) / 2 + PE
    Total System Jitter     (TSJ):    0.050ns
    Total Input Jitter      (TIJ):    0.000ns
    Discrete Jitter          (DJ):    0.000ns
    Phase Error              (PE):    0.000ns

    Location             Delay type                Incr(ns)  Path(ns)    Netlist Resource(s)
  -------------------------------------------------------------------    -------------------
    SLICE_X3Y81          LDCE                         0.000     0.000 r  FSM_INST/game_state_reg[1]/G
    SLICE_X3Y81          LDCE (EnToQ_ldce_G_Q)        0.559     0.559 r  FSM_INST/game_state_reg[1]/Q
                         net (fo=10, routed)          0.829     1.388    FSM_INST/Q[1]
    SLICE_X3Y79          LUT2 (Prop_lut2_I0_O)        0.152     1.540 f  FSM_INST/spawn_prev_i_1/O
                         net (fo=214, routed)         4.989     6.529    LANES_INST/L2/reset
    SLICE_X1Y48          FDCE                                         f  LANES_INST/L2/y_arr_reg[1][3]_replica/CLR
  -------------------------------------------------------------------    -------------------

                         (clock sys_clk_pin rise edge)
                                                      0.000     0.000 r  
    W5                                                0.000     0.000 r  clk (IN)
                         net (fo=0)                   0.000     0.000    clk
    W5                   IBUF (Prop_ibuf_I_O)         1.388     1.388 r  clk_IBUF_inst/O
                         net (fo=1, routed)           1.862     3.250    clk_IBUF
    BUFGCTRL_X0Y0        BUFG (Prop_bufg_I_O)         0.091     3.341 r  clk_IBUF_BUFG_inst/O
                         net (fo=505, routed)         1.520     4.861    LANES_INST/L2/clk_IBUF_BUFG
    SLICE_X1Y48          FDCE                                         r  LANES_INST/L2/y_arr_reg[1][3]_replica/C

Slack:                    inf
  Source:                 FSM_INST/game_state_reg[1]/G
                            (positive level-sensitive latch)
  Destination:            LANES_INST/L2/y_arr_reg[1][5]/CLR
                            (recovery check against rising-edge clock sys_clk_pin  {rise@0.000ns fall@5.000ns period=10.000ns})
  Path Group:             (none)
  Path Type:              Recovery (Max at Slow Process Corner)
  Data Path Delay:        6.529ns  (logic 0.711ns (10.891%)  route 5.818ns (89.109%))
  Logic Levels:           2  (LDCE=1 LUT2=1)
  Clock Uncertainty:      0.025ns  ((TSJ^2 + TIJ^2)^1/2 + DJ) / 2 + PE
    Total System Jitter     (TSJ):    0.050ns
    Total Input Jitter      (TIJ):    0.000ns
    Discrete Jitter          (DJ):    0.000ns
    Phase Error              (PE):    0.000ns

    Location             Delay type                Incr(ns)  Path(ns)    Netlist Resource(s)
  -------------------------------------------------------------------    -------------------
    SLICE_X3Y81          LDCE                         0.000     0.000 r  FSM_INST/game_state_reg[1]/G
    SLICE_X3Y81          LDCE (EnToQ_ldce_G_Q)        0.559     0.559 r  FSM_INST/game_state_reg[1]/Q
                         net (fo=10, routed)          0.829     1.388    FSM_INST/Q[1]
    SLICE_X3Y79          LUT2 (Prop_lut2_I0_O)        0.152     1.540 f  FSM_INST/spawn_prev_i_1/O
                         net (fo=214, routed)         4.989     6.529    LANES_INST/L2/reset
    SLICE_X1Y48          FDCE                                         f  LANES_INST/L2/y_arr_reg[1][5]/CLR
  -------------------------------------------------------------------    -------------------

                         (clock sys_clk_pin rise edge)
                                                      0.000     0.000 r  
    W5                                                0.000     0.000 r  clk (IN)
                         net (fo=0)                   0.000     0.000    clk
    W5                   IBUF (Prop_ibuf_I_O)         1.388     1.388 r  clk_IBUF_inst/O
                         net (fo=1, routed)           1.862     3.250    clk_IBUF
    BUFGCTRL_X0Y0        BUFG (Prop_bufg_I_O)         0.091     3.341 r  clk_IBUF_BUFG_inst/O
                         net (fo=505, routed)         1.520     4.861    LANES_INST/L2/clk_IBUF_BUFG
    SLICE_X1Y48          FDCE                                         r  LANES_INST/L2/y_arr_reg[1][5]/C

Slack:                    inf
  Source:                 FSM_INST/game_state_reg[1]/G
                            (positive level-sensitive latch)
  Destination:            LANES_INST/L2/y_arr_reg[1][6]/CLR
                            (recovery check against rising-edge clock sys_clk_pin  {rise@0.000ns fall@5.000ns period=10.000ns})
  Path Group:             (none)
  Path Type:              Recovery (Max at Slow Process Corner)
  Data Path Delay:        6.529ns  (logic 0.711ns (10.891%)  route 5.818ns (89.109%))
  Logic Levels:           2  (LDCE=1 LUT2=1)
  Clock Uncertainty:      0.025ns  ((TSJ^2 + TIJ^2)^1/2 + DJ) / 2 + PE
    Total System Jitter     (TSJ):    0.050ns
    Total Input Jitter      (TIJ):    0.000ns
    Discrete Jitter          (DJ):    0.000ns
    Phase Error              (PE):    0.000ns

    Location             Delay type                Incr(ns)  Path(ns)    Netlist Resource(s)
  -------------------------------------------------------------------    -------------------
    SLICE_X3Y81          LDCE                         0.000     0.000 r  FSM_INST/game_state_reg[1]/G
    SLICE_X3Y81          LDCE (EnToQ_ldce_G_Q)        0.559     0.559 r  FSM_INST/game_state_reg[1]/Q
                         net (fo=10, routed)          0.829     1.388    FSM_INST/Q[1]
    SLICE_X3Y79          LUT2 (Prop_lut2_I0_O)        0.152     1.540 f  FSM_INST/spawn_prev_i_1/O
                         net (fo=214, routed)         4.989     6.529    LANES_INST/L2/reset
    SLICE_X1Y48          FDCE                                         f  LANES_INST/L2/y_arr_reg[1][6]/CLR
  -------------------------------------------------------------------    -------------------

                         (clock sys_clk_pin rise edge)
                                                      0.000     0.000 r  
    W5                                                0.000     0.000 r  clk (IN)
                         net (fo=0)                   0.000     0.000    clk
    W5                   IBUF (Prop_ibuf_I_O)         1.388     1.388 r  clk_IBUF_inst/O
                         net (fo=1, routed)           1.862     3.250    clk_IBUF
    BUFGCTRL_X0Y0        BUFG (Prop_bufg_I_O)         0.091     3.341 r  clk_IBUF_BUFG_inst/O
                         net (fo=505, routed)         1.520     4.861    LANES_INST/L2/clk_IBUF_BUFG
    SLICE_X1Y48          FDCE                                         r  LANES_INST/L2/y_arr_reg[1][6]/C

Slack:                    inf
  Source:                 FSM_INST/game_state_reg[1]/G
                            (positive level-sensitive latch)
  Destination:            LANES_INST/L2/y_arr_reg[0][5]/CLR
                            (recovery check against rising-edge clock sys_clk_pin  {rise@0.000ns fall@5.000ns period=10.000ns})
  Path Group:             (none)
  Path Type:              Recovery (Max at Slow Process Corner)
  Data Path Delay:        6.450ns  (logic 0.711ns (11.022%)  route 5.739ns (88.978%))
  Logic Levels:           2  (LDCE=1 LUT2=1)
  Clock Uncertainty:      0.025ns  ((TSJ^2 + TIJ^2)^1/2 + DJ) / 2 + PE
    Total System Jitter     (TSJ):    0.050ns
    Total Input Jitter      (TIJ):    0.000ns
    Discrete Jitter          (DJ):    0.000ns
    Phase Error              (PE):    0.000ns

    Location             Delay type                Incr(ns)  Path(ns)    Netlist Resource(s)
  -------------------------------------------------------------------    -------------------
    SLICE_X3Y81          LDCE                         0.000     0.000 r  FSM_INST/game_state_reg[1]/G
    SLICE_X3Y81          LDCE (EnToQ_ldce_G_Q)        0.559     0.559 r  FSM_INST/game_state_reg[1]/Q
                         net (fo=10, routed)          0.829     1.388    FSM_INST/Q[1]
    SLICE_X3Y79          LUT2 (Prop_lut2_I0_O)        0.152     1.540 f  FSM_INST/spawn_prev_i_1/O
                         net (fo=214, routed)         4.911     6.450    LANES_INST/L2/reset
    SLICE_X3Y50          FDCE                                         f  LANES_INST/L2/y_arr_reg[0][5]/CLR
  -------------------------------------------------------------------    -------------------

                         (clock sys_clk_pin rise edge)
                                                      0.000     0.000 r  
    W5                                                0.000     0.000 r  clk (IN)
                         net (fo=0)                   0.000     0.000    clk
    W5                   IBUF (Prop_ibuf_I_O)         1.388     1.388 r  clk_IBUF_inst/O
                         net (fo=1, routed)           1.862     3.250    clk_IBUF
    BUFGCTRL_X0Y0        BUFG (Prop_bufg_I_O)         0.091     3.341 r  clk_IBUF_BUFG_inst/O
                         net (fo=505, routed)         1.510     4.851    LANES_INST/L2/clk_IBUF_BUFG
    SLICE_X3Y50          FDCE                                         r  LANES_INST/L2/y_arr_reg[0][5]/C

Slack:                    inf
  Source:                 FSM_INST/game_state_reg[1]/G
                            (positive level-sensitive latch)
  Destination:            LANES_INST/L2/y_arr_reg[0][0]/CLR
                            (recovery check against rising-edge clock sys_clk_pin  {rise@0.000ns fall@5.000ns period=10.000ns})
  Path Group:             (none)
  Path Type:              Recovery (Max at Slow Process Corner)
  Data Path Delay:        6.392ns  (logic 0.711ns (11.123%)  route 5.681ns (88.877%))
  Logic Levels:           2  (LDCE=1 LUT2=1)
  Clock Uncertainty:      0.025ns  ((TSJ^2 + TIJ^2)^1/2 + DJ) / 2 + PE
    Total System Jitter     (TSJ):    0.050ns
    Total Input Jitter      (TIJ):    0.000ns
    Discrete Jitter          (DJ):    0.000ns
    Phase Error              (PE):    0.000ns

    Location             Delay type                Incr(ns)  Path(ns)    Netlist Resource(s)
  -------------------------------------------------------------------    -------------------
    SLICE_X3Y81          LDCE                         0.000     0.000 r  FSM_INST/game_state_reg[1]/G
    SLICE_X3Y81          LDCE (EnToQ_ldce_G_Q)        0.559     0.559 r  FSM_INST/game_state_reg[1]/Q
                         net (fo=10, routed)          0.829     1.388    FSM_INST/Q[1]
    SLICE_X3Y79          LUT2 (Prop_lut2_I0_O)        0.152     1.540 f  FSM_INST/spawn_prev_i_1/O
                         net (fo=214, routed)         4.852     6.392    LANES_INST/L2/reset
    SLICE_X0Y49          FDCE                                         f  LANES_INST/L2/y_arr_reg[0][0]/CLR
  -------------------------------------------------------------------    -------------------

                         (clock sys_clk_pin rise edge)
                                                      0.000     0.000 r  
    W5                                                0.000     0.000 r  clk (IN)
                         net (fo=0)                   0.000     0.000    clk
    W5                   IBUF (Prop_ibuf_I_O)         1.388     1.388 r  clk_IBUF_inst/O
                         net (fo=1, routed)           1.862     3.250    clk_IBUF
    BUFGCTRL_X0Y0        BUFG (Prop_bufg_I_O)         0.091     3.341 r  clk_IBUF_BUFG_inst/O
                         net (fo=505, routed)         1.520     4.861    LANES_INST/L2/clk_IBUF_BUFG
    SLICE_X0Y49          FDCE                                         r  LANES_INST/L2/y_arr_reg[0][0]/C

Slack:                    inf
  Source:                 FSM_INST/game_state_reg[1]/G
                            (positive level-sensitive latch)
  Destination:            LANES_INST/L2/y_arr_reg[1][9]/CLR
                            (recovery check against rising-edge clock sys_clk_pin  {rise@0.000ns fall@5.000ns period=10.000ns})
  Path Group:             (none)
  Path Type:              Recovery (Max at Slow Process Corner)
  Data Path Delay:        6.388ns  (logic 0.711ns (11.131%)  route 5.677ns (88.869%))
  Logic Levels:           2  (LDCE=1 LUT2=1)
  Clock Uncertainty:      0.025ns  ((TSJ^2 + TIJ^2)^1/2 + DJ) / 2 + PE
    Total System Jitter     (TSJ):    0.050ns
    Total Input Jitter      (TIJ):    0.000ns
    Discrete Jitter          (DJ):    0.000ns
    Phase Error              (PE):    0.000ns

    Location             Delay type                Incr(ns)  Path(ns)    Netlist Resource(s)
  -------------------------------------------------------------------    -------------------
    SLICE_X3Y81          LDCE                         0.000     0.000 r  FSM_INST/game_state_reg[1]/G
    SLICE_X3Y81          LDCE (EnToQ_ldce_G_Q)        0.559     0.559 r  FSM_INST/game_state_reg[1]/Q
                         net (fo=10, routed)          0.829     1.388    FSM_INST/Q[1]
    SLICE_X3Y79          LUT2 (Prop_lut2_I0_O)        0.152     1.540 f  FSM_INST/spawn_prev_i_1/O
                         net (fo=214, routed)         4.848     6.388    LANES_INST/L2/reset
    SLICE_X1Y49          FDCE                                         f  LANES_INST/L2/y_arr_reg[1][9]/CLR
  -------------------------------------------------------------------    -------------------

                         (clock sys_clk_pin rise edge)
                                                      0.000     0.000 r  
    W5                                                0.000     0.000 r  clk (IN)
                         net (fo=0)                   0.000     0.000    clk
    W5                   IBUF (Prop_ibuf_I_O)         1.388     1.388 r  clk_IBUF_inst/O
                         net (fo=1, routed)           1.862     3.250    clk_IBUF
    BUFGCTRL_X0Y0        BUFG (Prop_bufg_I_O)         0.091     3.341 r  clk_IBUF_BUFG_inst/O
                         net (fo=505, routed)         1.520     4.861    LANES_INST/L2/clk_IBUF_BUFG
    SLICE_X1Y49          FDCE                                         r  LANES_INST/L2/y_arr_reg[1][9]/C





Min Delay Paths
--------------------------------------------------------------------------------------
Slack:                    inf
  Source:                 FSM_INST/game_state_reg[0]/G
                            (positive level-sensitive latch)
  Destination:            JUDGES_INST/J1/score_good_reg/CLR
                            (removal check against rising-edge clock sys_clk_pin  {rise@0.000ns fall@5.000ns period=10.000ns})
  Path Group:             (none)
  Path Type:              Removal (Min at Fast Process Corner)
  Data Path Delay:        0.695ns  (logic 0.204ns (29.345%)  route 0.491ns (70.655%))
  Logic Levels:           2  (LDCE=1 LUT2=1)
  Clock Uncertainty:      0.025ns  ((TSJ^2 + TIJ^2)^1/2 + DJ) / 2 + PE
    Total System Jitter     (TSJ):    0.050ns
    Total Input Jitter      (TIJ):    0.000ns
    Discrete Jitter          (DJ):    0.000ns
    Phase Error              (PE):    0.000ns

    Location             Delay type                Incr(ns)  Path(ns)    Netlist Resource(s)
  -------------------------------------------------------------------    -------------------
    SLICE_X3Y81          LDCE                         0.000     0.000 r  FSM_INST/game_state_reg[0]/G
    SLICE_X3Y81          LDCE (EnToQ_ldce_G_Q)        0.158     0.158 r  FSM_INST/game_state_reg[0]/Q
                         net (fo=10, routed)          0.215     0.373    FSM_INST/Q[0]
    SLICE_X3Y79          LUT2 (Prop_lut2_I1_O)        0.046     0.419 f  FSM_INST/spawn_prev_i_1/O
                         net (fo=214, routed)         0.277     0.695    JUDGES_INST/J1/AR[0]
    SLICE_X5Y74          FDCE                                         f  JUDGES_INST/J1/score_good_reg/CLR
  -------------------------------------------------------------------    -------------------

                         (clock sys_clk_pin rise edge)
                                                      0.000     0.000 r  
    W5                                                0.000     0.000 r  clk (IN)
                         net (fo=0)                   0.000     0.000    clk
    W5                   IBUF (Prop_ibuf_I_O)         0.414     0.414 r  clk_IBUF_inst/O
                         net (fo=1, routed)           0.685     1.099    clk_IBUF
    BUFGCTRL_X0Y0        BUFG (Prop_bufg_I_O)         0.029     1.128 r  clk_IBUF_BUFG_inst/O
                         net (fo=505, routed)         0.845     1.973    JUDGES_INST/J1/clk_IBUF_BUFG
    SLICE_X5Y74          FDCE                                         r  JUDGES_INST/J1/score_good_reg/C

Slack:                    inf
  Source:                 FSM_INST/game_state_reg[0]/G
                            (positive level-sensitive latch)
  Destination:            JUDGES_INST/J1/score_perfect_reg/CLR
                            (removal check against rising-edge clock sys_clk_pin  {rise@0.000ns fall@5.000ns period=10.000ns})
  Path Group:             (none)
  Path Type:              Removal (Min at Fast Process Corner)
  Data Path Delay:        0.695ns  (logic 0.204ns (29.345%)  route 0.491ns (70.655%))
  Logic Levels:           2  (LDCE=1 LUT2=1)
  Clock Uncertainty:      0.025ns  ((TSJ^2 + TIJ^2)^1/2 + DJ) / 2 + PE
    Total System Jitter     (TSJ):    0.050ns
    Total Input Jitter      (TIJ):    0.000ns
    Discrete Jitter          (DJ):    0.000ns
    Phase Error              (PE):    0.000ns

    Location             Delay type                Incr(ns)  Path(ns)    Netlist Resource(s)
  -------------------------------------------------------------------    -------------------
    SLICE_X3Y81          LDCE                         0.000     0.000 r  FSM_INST/game_state_reg[0]/G
    SLICE_X3Y81          LDCE (EnToQ_ldce_G_Q)        0.158     0.158 r  FSM_INST/game_state_reg[0]/Q
                         net (fo=10, routed)          0.215     0.373    FSM_INST/Q[0]
    SLICE_X3Y79          LUT2 (Prop_lut2_I1_O)        0.046     0.419 f  FSM_INST/spawn_prev_i_1/O
                         net (fo=214, routed)         0.277     0.695    JUDGES_INST/J1/AR[0]
    SLICE_X5Y74          FDCE                                         f  JUDGES_INST/J1/score_perfect_reg/CLR
  -------------------------------------------------------------------    -------------------

                         (clock sys_clk_pin rise edge)
                                                      0.000     0.000 r  
    W5                                                0.000     0.000 r  clk (IN)
                         net (fo=0)                   0.000     0.000    clk
    W5                   IBUF (Prop_ibuf_I_O)         0.414     0.414 r  clk_IBUF_inst/O
                         net (fo=1, routed)           0.685     1.099    clk_IBUF
    BUFGCTRL_X0Y0        BUFG (Prop_bufg_I_O)         0.029     1.128 r  clk_IBUF_BUFG_inst/O
                         net (fo=505, routed)         0.845     1.973    JUDGES_INST/J1/clk_IBUF_BUFG
    SLICE_X5Y74          FDCE                                         r  JUDGES_INST/J1/score_perfect_reg/C

Slack:                    inf
  Source:                 FSM_INST/game_state_reg[0]/G
                            (positive level-sensitive latch)
  Destination:            JUDGES_INST/J1/fatal_miss_reg/CLR
                            (removal check against rising-edge clock sys_clk_pin  {rise@0.000ns fall@5.000ns period=10.000ns})
  Path Group:             (none)
  Path Type:              Removal (Min at Fast Process Corner)
  Data Path Delay:        0.807ns  (logic 0.204ns (25.266%)  route 0.603ns (74.734%))
  Logic Levels:           2  (LDCE=1 LUT2=1)
  Clock Uncertainty:      0.025ns  ((TSJ^2 + TIJ^2)^1/2 + DJ) / 2 + PE
    Total System Jitter     (TSJ):    0.050ns
    Total Input Jitter      (TIJ):    0.000ns
    Discrete Jitter          (DJ):    0.000ns
    Phase Error              (PE):    0.000ns

    Location             Delay type                Incr(ns)  Path(ns)    Netlist Resource(s)
  -------------------------------------------------------------------    -------------------
    SLICE_X3Y81          LDCE                         0.000     0.000 r  FSM_INST/game_state_reg[0]/G
    SLICE_X3Y81          LDCE (EnToQ_ldce_G_Q)        0.158     0.158 r  FSM_INST/game_state_reg[0]/Q
                         net (fo=10, routed)          0.215     0.373    FSM_INST/Q[0]
    SLICE_X3Y79          LUT2 (Prop_lut2_I1_O)        0.046     0.419 f  FSM_INST/spawn_prev_i_1/O
                         net (fo=214, routed)         0.389     0.807    JUDGES_INST/J1/AR[0]
    SLICE_X6Y74          FDCE                                         f  JUDGES_INST/J1/fatal_miss_reg/CLR
  -------------------------------------------------------------------    -------------------

                         (clock sys_clk_pin rise edge)
                                                      0.000     0.000 r  
    W5                                                0.000     0.000 r  clk (IN)
                         net (fo=0)                   0.000     0.000    clk
    W5                   IBUF (Prop_ibuf_I_O)         0.414     0.414 r  clk_IBUF_inst/O
                         net (fo=1, routed)           0.685     1.099    clk_IBUF
    BUFGCTRL_X0Y0        BUFG (Prop_bufg_I_O)         0.029     1.128 r  clk_IBUF_BUFG_inst/O
                         net (fo=505, routed)         0.845     1.973    JUDGES_INST/J1/clk_IBUF_BUFG
    SLICE_X6Y74          FDCE                                         r  JUDGES_INST/J1/fatal_miss_reg/C

Slack:                    inf
  Source:                 FSM_INST/game_state_reg[0]/G
                            (positive level-sensitive latch)
  Destination:            LANES_INST/L1/y_arr_reg[1][9]/CLR
                            (removal check against rising-edge clock sys_clk_pin  {rise@0.000ns fall@5.000ns period=10.000ns})
  Path Group:             (none)
  Path Type:              Removal (Min at Fast Process Corner)
  Data Path Delay:        0.856ns  (logic 0.204ns (23.833%)  route 0.652ns (76.167%))
  Logic Levels:           2  (LDCE=1 LUT2=1)
  Clock Uncertainty:      0.025ns  ((TSJ^2 + TIJ^2)^1/2 + DJ) / 2 + PE
    Total System Jitter     (TSJ):    0.050ns
    Total Input Jitter      (TIJ):    0.000ns
    Discrete Jitter          (DJ):    0.000ns
    Phase Error              (PE):    0.000ns

    Location             Delay type                Incr(ns)  Path(ns)    Netlist Resource(s)
  -------------------------------------------------------------------    -------------------
    SLICE_X3Y81          LDCE                         0.000     0.000 r  FSM_INST/game_state_reg[0]/G
    SLICE_X3Y81          LDCE (EnToQ_ldce_G_Q)        0.158     0.158 r  FSM_INST/game_state_reg[0]/Q
                         net (fo=10, routed)          0.215     0.373    FSM_INST/Q[0]
    SLICE_X3Y79          LUT2 (Prop_lut2_I1_O)        0.046     0.419 f  FSM_INST/spawn_prev_i_1/O
                         net (fo=214, routed)         0.437     0.856    LANES_INST/L1/reset
    SLICE_X11Y74         FDCE                                         f  LANES_INST/L1/y_arr_reg[1][9]/CLR
  -------------------------------------------------------------------    -------------------

                         (clock sys_clk_pin rise edge)
                                                      0.000     0.000 r  
    W5                                                0.000     0.000 r  clk (IN)
                         net (fo=0)                   0.000     0.000    clk
    W5                   IBUF (Prop_ibuf_I_O)         0.414     0.414 r  clk_IBUF_inst/O
                         net (fo=1, routed)           0.685     1.099    clk_IBUF
    BUFGCTRL_X0Y0        BUFG (Prop_bufg_I_O)         0.029     1.128 r  clk_IBUF_BUFG_inst/O
                         net (fo=505, routed)         0.817     1.945    LANES_INST/L1/clk_IBUF_BUFG
    SLICE_X11Y74         FDCE                                         r  LANES_INST/L1/y_arr_reg[1][9]/C

Slack:                    inf
  Source:                 FSM_INST/game_state_reg[0]/G
                            (positive level-sensitive latch)
  Destination:            SCORE_INST/current_score_reg[0]/CLR
                            (removal check against rising-edge clock sys_clk_pin  {rise@0.000ns fall@5.000ns period=10.000ns})
  Path Group:             (none)
  Path Type:              Removal (Min at Fast Process Corner)
  Data Path Delay:        0.871ns  (logic 0.204ns (23.432%)  route 0.667ns (76.568%))
  Logic Levels:           2  (LDCE=1 LUT2=1)
  Clock Uncertainty:      0.025ns  ((TSJ^2 + TIJ^2)^1/2 + DJ) / 2 + PE
    Total System Jitter     (TSJ):    0.050ns
    Total Input Jitter      (TIJ):    0.000ns
    Discrete Jitter          (DJ):    0.000ns
    Phase Error              (PE):    0.000ns

    Location             Delay type                Incr(ns)  Path(ns)    Netlist Resource(s)
  -------------------------------------------------------------------    -------------------
    SLICE_X3Y81          LDCE                         0.000     0.000 r  FSM_INST/game_state_reg[0]/G
    SLICE_X3Y81          LDCE (EnToQ_ldce_G_Q)        0.158     0.158 r  FSM_INST/game_state_reg[0]/Q
                         net (fo=10, routed)          0.215     0.373    FSM_INST/Q[0]
    SLICE_X3Y79          LUT2 (Prop_lut2_I1_O)        0.046     0.419 f  FSM_INST/spawn_prev_i_1/O
                         net (fo=214, routed)         0.452     0.871    SCORE_INST/AR[0]
    SLICE_X9Y81          FDCE                                         f  SCORE_INST/current_score_reg[0]/CLR
  -------------------------------------------------------------------    -------------------

                         (clock sys_clk_pin rise edge)
                                                      0.000     0.000 r  
    W5                                                0.000     0.000 r  clk (IN)
                         net (fo=0)                   0.000     0.000    clk
    W5                   IBUF (Prop_ibuf_I_O)         0.414     0.414 r  clk_IBUF_inst/O
                         net (fo=1, routed)           0.685     1.099    clk_IBUF
    BUFGCTRL_X0Y0        BUFG (Prop_bufg_I_O)         0.029     1.128 r  clk_IBUF_BUFG_inst/O
                         net (fo=505, routed)         0.824     1.952    SCORE_INST/clk_IBUF_BUFG
    SLICE_X9Y81          FDCE                                         r  SCORE_INST/current_score_reg[0]/C

Slack:                    inf
  Source:                 FSM_INST/game_state_reg[0]/G
                            (positive level-sensitive latch)
  Destination:            SCORE_INST/current_score_reg[1]/CLR
                            (removal check against rising-edge clock sys_clk_pin  {rise@0.000ns fall@5.000ns period=10.000ns})
  Path Group:             (none)
  Path Type:              Removal (Min at Fast Process Corner)
  Data Path Delay:        0.871ns  (logic 0.204ns (23.432%)  route 0.667ns (76.568%))
  Logic Levels:           2  (LDCE=1 LUT2=1)
  Clock Uncertainty:      0.025ns  ((TSJ^2 + TIJ^2)^1/2 + DJ) / 2 + PE
    Total System Jitter     (TSJ):    0.050ns
    Total Input Jitter      (TIJ):    0.000ns
    Discrete Jitter          (DJ):    0.000ns
    Phase Error              (PE):    0.000ns

    Location             Delay type                Incr(ns)  Path(ns)    Netlist Resource(s)
  -------------------------------------------------------------------    -------------------
    SLICE_X3Y81          LDCE                         0.000     0.000 r  FSM_INST/game_state_reg[0]/G
    SLICE_X3Y81          LDCE (EnToQ_ldce_G_Q)        0.158     0.158 r  FSM_INST/game_state_reg[0]/Q
                         net (fo=10, routed)          0.215     0.373    FSM_INST/Q[0]
    SLICE_X3Y79          LUT2 (Prop_lut2_I1_O)        0.046     0.419 f  FSM_INST/spawn_prev_i_1/O
                         net (fo=214, routed)         0.452     0.871    SCORE_INST/AR[0]
    SLICE_X9Y81          FDCE                                         f  SCORE_INST/current_score_reg[1]/CLR
  -------------------------------------------------------------------    -------------------

                         (clock sys_clk_pin rise edge)
                                                      0.000     0.000 r  
    W5                                                0.000     0.000 r  clk (IN)
                         net (fo=0)                   0.000     0.000    clk
    W5                   IBUF (Prop_ibuf_I_O)         0.414     0.414 r  clk_IBUF_inst/O
                         net (fo=1, routed)           0.685     1.099    clk_IBUF
    BUFGCTRL_X0Y0        BUFG (Prop_bufg_I_O)         0.029     1.128 r  clk_IBUF_BUFG_inst/O
                         net (fo=505, routed)         0.824     1.952    SCORE_INST/clk_IBUF_BUFG
    SLICE_X9Y81          FDCE                                         r  SCORE_INST/current_score_reg[1]/C

Slack:                    inf
  Source:                 FSM_INST/game_state_reg[0]/G
                            (positive level-sensitive latch)
  Destination:            SCORE_INST/current_score_reg[2]/CLR
                            (removal check against rising-edge clock sys_clk_pin  {rise@0.000ns fall@5.000ns period=10.000ns})
  Path Group:             (none)
  Path Type:              Removal (Min at Fast Process Corner)
  Data Path Delay:        0.871ns  (logic 0.204ns (23.432%)  route 0.667ns (76.568%))
  Logic Levels:           2  (LDCE=1 LUT2=1)
  Clock Uncertainty:      0.025ns  ((TSJ^2 + TIJ^2)^1/2 + DJ) / 2 + PE
    Total System Jitter     (TSJ):    0.050ns
    Total Input Jitter      (TIJ):    0.000ns
    Discrete Jitter          (DJ):    0.000ns
    Phase Error              (PE):    0.000ns

    Location             Delay type                Incr(ns)  Path(ns)    Netlist Resource(s)
  -------------------------------------------------------------------    -------------------
    SLICE_X3Y81          LDCE                         0.000     0.000 r  FSM_INST/game_state_reg[0]/G
    SLICE_X3Y81          LDCE (EnToQ_ldce_G_Q)        0.158     0.158 r  FSM_INST/game_state_reg[0]/Q
                         net (fo=10, routed)          0.215     0.373    FSM_INST/Q[0]
    SLICE_X3Y79          LUT2 (Prop_lut2_I1_O)        0.046     0.419 f  FSM_INST/spawn_prev_i_1/O
                         net (fo=214, routed)         0.452     0.871    SCORE_INST/AR[0]
    SLICE_X9Y81          FDCE                                         f  SCORE_INST/current_score_reg[2]/CLR
  -------------------------------------------------------------------    -------------------

                         (clock sys_clk_pin rise edge)
                                                      0.000     0.000 r  
    W5                                                0.000     0.000 r  clk (IN)
                         net (fo=0)                   0.000     0.000    clk
    W5                   IBUF (Prop_ibuf_I_O)         0.414     0.414 r  clk_IBUF_inst/O
                         net (fo=1, routed)           0.685     1.099    clk_IBUF
    BUFGCTRL_X0Y0        BUFG (Prop_bufg_I_O)         0.029     1.128 r  clk_IBUF_BUFG_inst/O
                         net (fo=505, routed)         0.824     1.952    SCORE_INST/clk_IBUF_BUFG
    SLICE_X9Y81          FDCE                                         r  SCORE_INST/current_score_reg[2]/C

Slack:                    inf
  Source:                 FSM_INST/game_state_reg[0]/G
                            (positive level-sensitive latch)
  Destination:            SCORE_INST/current_score_reg[3]/CLR
                            (removal check against rising-edge clock sys_clk_pin  {rise@0.000ns fall@5.000ns period=10.000ns})
  Path Group:             (none)
  Path Type:              Removal (Min at Fast Process Corner)
  Data Path Delay:        0.871ns  (logic 0.204ns (23.432%)  route 0.667ns (76.568%))
  Logic Levels:           2  (LDCE=1 LUT2=1)
  Clock Uncertainty:      0.025ns  ((TSJ^2 + TIJ^2)^1/2 + DJ) / 2 + PE
    Total System Jitter     (TSJ):    0.050ns
    Total Input Jitter      (TIJ):    0.000ns
    Discrete Jitter          (DJ):    0.000ns
    Phase Error              (PE):    0.000ns

    Location             Delay type                Incr(ns)  Path(ns)    Netlist Resource(s)
  -------------------------------------------------------------------    -------------------
    SLICE_X3Y81          LDCE                         0.000     0.000 r  FSM_INST/game_state_reg[0]/G
    SLICE_X3Y81          LDCE (EnToQ_ldce_G_Q)        0.158     0.158 r  FSM_INST/game_state_reg[0]/Q
                         net (fo=10, routed)          0.215     0.373    FSM_INST/Q[0]
    SLICE_X3Y79          LUT2 (Prop_lut2_I1_O)        0.046     0.419 f  FSM_INST/spawn_prev_i_1/O
                         net (fo=214, routed)         0.452     0.871    SCORE_INST/AR[0]
    SLICE_X9Y81          FDCE                                         f  SCORE_INST/current_score_reg[3]/CLR
  -------------------------------------------------------------------    -------------------

                         (clock sys_clk_pin rise edge)
                                                      0.000     0.000 r  
    W5                                                0.000     0.000 r  clk (IN)
                         net (fo=0)                   0.000     0.000    clk
    W5                   IBUF (Prop_ibuf_I_O)         0.414     0.414 r  clk_IBUF_inst/O
                         net (fo=1, routed)           0.685     1.099    clk_IBUF
    BUFGCTRL_X0Y0        BUFG (Prop_bufg_I_O)         0.029     1.128 r  clk_IBUF_BUFG_inst/O
                         net (fo=505, routed)         0.824     1.952    SCORE_INST/clk_IBUF_BUFG
    SLICE_X9Y81          FDCE                                         r  SCORE_INST/current_score_reg[3]/C

Slack:                    inf
  Source:                 FSM_INST/game_state_reg[0]/G
                            (positive level-sensitive latch)
  Destination:            JUDGES_INST/J1/clear_lowest_reg/CLR
                            (removal check against rising-edge clock sys_clk_pin  {rise@0.000ns fall@5.000ns period=10.000ns})
  Path Group:             (none)
  Path Type:              Removal (Min at Fast Process Corner)
  Data Path Delay:        0.903ns  (logic 0.204ns (22.593%)  route 0.699ns (77.407%))
  Logic Levels:           2  (LDCE=1 LUT2=1)
  Clock Uncertainty:      0.025ns  ((TSJ^2 + TIJ^2)^1/2 + DJ) / 2 + PE
    Total System Jitter     (TSJ):    0.050ns
    Total Input Jitter      (TIJ):    0.000ns
    Discrete Jitter          (DJ):    0.000ns
    Phase Error              (PE):    0.000ns

    Location             Delay type                Incr(ns)  Path(ns)    Netlist Resource(s)
  -------------------------------------------------------------------    -------------------
    SLICE_X3Y81          LDCE                         0.000     0.000 r  FSM_INST/game_state_reg[0]/G
    SLICE_X3Y81          LDCE (EnToQ_ldce_G_Q)        0.158     0.158 r  FSM_INST/game_state_reg[0]/Q
                         net (fo=10, routed)          0.215     0.373    FSM_INST/Q[0]
    SLICE_X3Y79          LUT2 (Prop_lut2_I1_O)        0.046     0.419 f  FSM_INST/spawn_prev_i_1/O
                         net (fo=214, routed)         0.484     0.903    JUDGES_INST/J1/AR[0]
    SLICE_X5Y76          FDCE                                         f  JUDGES_INST/J1/clear_lowest_reg/CLR
  -------------------------------------------------------------------    -------------------

                         (clock sys_clk_pin rise edge)
                                                      0.000     0.000 r  
    W5                                                0.000     0.000 r  clk (IN)
                         net (fo=0)                   0.000     0.000    clk
    W5                   IBUF (Prop_ibuf_I_O)         0.414     0.414 r  clk_IBUF_inst/O
                         net (fo=1, routed)           0.685     1.099    clk_IBUF
    BUFGCTRL_X0Y0        BUFG (Prop_bufg_I_O)         0.029     1.128 r  clk_IBUF_BUFG_inst/O
                         net (fo=505, routed)         0.846     1.974    JUDGES_INST/J1/clk_IBUF_BUFG
    SLICE_X5Y76          FDCE                                         r  JUDGES_INST/J1/clear_lowest_reg/C

Slack:                    inf
  Source:                 FSM_INST/game_state_reg[0]/G
                            (positive level-sensitive latch)
  Destination:            SCORE_INST/current_score_reg[4]/CLR
                            (removal check against rising-edge clock sys_clk_pin  {rise@0.000ns fall@5.000ns period=10.000ns})
  Path Group:             (none)
  Path Type:              Removal (Min at Fast Process Corner)
  Data Path Delay:        0.934ns  (logic 0.204ns (21.844%)  route 0.730ns (78.156%))
  Logic Levels:           2  (LDCE=1 LUT2=1)
  Clock Uncertainty:      0.025ns  ((TSJ^2 + TIJ^2)^1/2 + DJ) / 2 + PE
    Total System Jitter     (TSJ):    0.050ns
    Total Input Jitter      (TIJ):    0.000ns
    Discrete Jitter          (DJ):    0.000ns
    Phase Error              (PE):    0.000ns

    Location             Delay type                Incr(ns)  Path(ns)    Netlist Resource(s)
  -------------------------------------------------------------------    -------------------
    SLICE_X3Y81          LDCE                         0.000     0.000 r  FSM_INST/game_state_reg[0]/G
    SLICE_X3Y81          LDCE (EnToQ_ldce_G_Q)        0.158     0.158 r  FSM_INST/game_state_reg[0]/Q
                         net (fo=10, routed)          0.215     0.373    FSM_INST/Q[0]
    SLICE_X3Y79          LUT2 (Prop_lut2_I1_O)        0.046     0.419 f  FSM_INST/spawn_prev_i_1/O
                         net (fo=214, routed)         0.515     0.934    SCORE_INST/AR[0]
    SLICE_X9Y82          FDCE                                         f  SCORE_INST/current_score_reg[4]/CLR
  -------------------------------------------------------------------    -------------------

                         (clock sys_clk_pin rise edge)
                                                      0.000     0.000 r  
    W5                                                0.000     0.000 r  clk (IN)
                         net (fo=0)                   0.000     0.000    clk
    W5                   IBUF (Prop_ibuf_I_O)         0.414     0.414 r  clk_IBUF_inst/O
                         net (fo=1, routed)           0.685     1.099    clk_IBUF
    BUFGCTRL_X0Y0        BUFG (Prop_bufg_I_O)         0.029     1.128 r  clk_IBUF_BUFG_inst/O
                         net (fo=505, routed)         0.825     1.953    SCORE_INST/clk_IBUF_BUFG
    SLICE_X9Y82          FDCE                                         r  SCORE_INST/current_score_reg[4]/C





